Продукт,Старая цена,Новая цена,Процент скидки,Время скидки
"Корм для кошек ФРИСКИС говядина в подливе, 50г",14.99,11.99,−20%,с 07 апреля до 04 мая
"Корм для кошек ФРИСКИС курица в подливе, 50г",14.99,11.99,−20%,с 07 апреля до 04 мая
"Корм для кошек ФРИСКИС курица в подливе, 50г",14.99,11.99,−20%,с 07 апреля до 04 мая
"Корм для кошек ФРИСКИС говядина в подливе, 50г",14.99,11.99,−20%,с 07 апреля до 04 мая
"Напиток функциональный АКТИМЕЛЬ, Детский, клубника-банан, 2,5%, 100г",29.99,21.99,−27%,с 07 апреля до 04 мая
"Пергамент АКАДЕМИЯ КОМФОРТА не силиконовый, 29смx8м",31.99,21.99,−31%,с 07 апреля до 04 мая
"Вода питьевая BILLAGI® негазированная, 500мл",34.90,21.99,−37%,с 13 апреля до 19 апреля
"Конфеты ЖИВИНКА, Арбуз, 1кг",32.09,22.99,−28%,с 07 апреля до 04 мая
"Напиток кисломолочный АКТИМЕЛЬ, Гранат, 100г",32.80,22.99,−30%,с 13 апреля до 19 апреля
Конфеты Цитрон глазированные с помадным корпусом (в):4,32.99,22.99,−30%,с 13 апреля до 10 мая
Конфеты Цитрон глазированные с помадным корпусом (в):4,32.99,22.99,−30%,с 13 апреля до 10 мая
"Напиток кисломолочный АКТИМЕЛЬ, Гранат, 100г",32.80,22.99,−30%,с 13 апреля до 19 апреля
"Конфеты ЖИВИНКА, Арбуз, 1кг",32.49,22.99,−29%,с 07 апреля до 04 мая
Конфеты Цитрон глазированные с помадным корпусом (в):4,32.99,22.99,−30%,с 13 апреля до 10 мая
"Напиток кисломолочный ИМУНЕЛЕ, с соком, детский, Малина-пломбир, 100г",34.99,24.99,−29%,с 13 апреля до 26 апреля
"Конфеты ЗОЛОТАЯ ЛИЛИЯ (Конти), 1кг",54.39,24.99,−54%,с 07 апреля до 04 мая
"Конфеты ЗОЛОТАЯ ЛИЛИЯ (Конти), 1кг",54.39,24.99,−54%,с 07 апреля до 04 мая
"Конфеты ЗОЛОТАЯ ЛИЛИЯ (Конти), 1кг",57.99,24.99,−57%,с 07 апреля до 04 мая
"Вода питьевая ШИШКИН ЛЕС, Негазированная, 400мл",30.88,24.99,−19%,с 07 апреля до 04 мая
"Напиток кисломолочный ИМУНЕЛЕ, с соком, детский, Малина-пломбир, 100г",34.99,24.99,−29%,с 13 апреля до 26 апреля
"Напиток кисломолочный ИМУНЕЛЕ, с соком, детский, Малина-пломбир, 100г",34.99,24.99,−29%,с 13 апреля до 26 апреля
"Напиток кисломолочный ИМУНЕЛЕ, с соком, детский, Малина-пломбир, 100г",34.99,24.99,−29%,с 13 апреля до 26 апреля
"Напиток кисломолочный ИМУНЕЛЕ, с соком, детский, Тутти-фрути, 100г",34.99,24.99,−29%,с 13 апреля до 26 апреля
"Напиток кисломолочный ИМУНЕЛЕ, с соком, детский, Тутти-фрути, 100г",34.99,24.99,−29%,с 13 апреля до 26 апреля
"Напиток кисломолочный ИМУНЕЛЕ, с соком, детский, Тутти-фрути, 100г",34.99,24.99,−29%,с 13 апреля до 26 апреля
"Напиток кисломолочный ИМУНЕЛЕ, с соком, детский, Тутти-фрути, 100г",34.99,24.99,−29%,с 13 апреля до 26 апреля
"Напиток кисломолочный ИМУНЕЛЕ, с соком, детский, Тутти-фрути, 100г",34.99,24.99,−29%,с 13 апреля до 26 апреля
"Напиток кисломолочный ИМУНЕЛЕ, с соком, детский, Малина-пломбир, 100г",34.99,24.99,−29%,с 13 апреля до 26 апреля
"Печенье СУПЕР КОНТИК, шоколадное, 100г",32.99,25.99,−21%,с 07 апреля до 04 мая
"Печенье СУПЕР КОНТИК, шоколадное, 100г",33.99,25.99,−24%,с 07 апреля до 04 мая
"Печенье СУПЕР КОНТИК, шоколадное, 100г",32.99,25.99,−21%,с 07 апреля до 04 мая
"Перл GOURMET Корм для кошек филе курицы в соусу, 75г",35.10,25.99,−26%,с 13 апреля до 19 апреля
"Перл GOURMET Корм для кошек филе лосось в соусу, 75г",35.10,25.99,−26%,с 13 апреля до 19 апреля
"Перл GOURMET Корм для кошек соус де-люкс курица, 75г",35.10,25.99,−26%,с 13 апреля до 19 апреля
"Перл GOURMET Корм для кошек соус де-люкс говядина, 75г",35.10,25.99,−26%,с 13 апреля до 19 апреля
"Перл GOURMET Корм для кошек филе говядина в соусу, 75г",35.10,25.99,−26%,с 13 апреля до 19 апреля
"Перл GOURMET Корм для кошек соус де-люкс теленок, 75г",35.10,25.99,−26%,с 13 апреля до 19 апреля
"Перл GOURMET Корм для кошек филе индейки в соусе,75г",35.10,25.99,−26%,с 13 апреля до 19 апреля
"Перл GOURMET Корм для кошек филе курицы в соусе, 75г",35.10,25.99,−26%,с 13 апреля до 19 апреля
"Перл GOURMET Корм для кошек филе утки в соусе, 75г",35.10,25.99,−26%,с 13 апреля до 19 апреля
"Перл GOURMET Корм для кошек филе лосося в соусе, 75г",35.10,25.99,−26%,с 13 апреля до 19 апреля
"Перл GOURMET Корм для кошек филе кролика в соусе, 75г",35.10,25.99,−26%,с 13 апреля до 19 апреля
"Перл GOURMET Корм для кошек соус де-люкс лосось, 75г",35.10,25.99,−26%,с 13 апреля до 19 апреля
"Перл GOURMET Корм для кошек соус де-люкс курица, 75г",35.10,25.99,−26%,с 13 апреля до 19 апреля
"Перл GOURMET Корм для кошек филе ягненка в соусе, 75г",35.10,25.99,−26%,с 13 апреля до 19 апреля
Десерт Джой Нат печенье карамель арах (в) к/уп:3,38.99,26.99,−31%,с 13 апреля до 10 мая
Десерт Джой Нат печенье карамель арах (в) к/уп:3,38.99,26.99,−31%,с 13 апреля до 10 мая
"Приправа ВОСТОЧНЫЙ ГОСТЬ, для плова, 40г",34.99,26.99,−23%,с 07 апреля до 04 мая
Десерт Джой Нат печенье карамель арах (в) к/уп:3,38.99,26.99,−31%,с 13 апреля до 10 мая
"Конфеты ДЖЕК шоколадно-вафельные со вкусом какао, 1кг",53.29,26.99,−49%,с 07 апреля до 04 мая
"Конфеты ДЖЕК шоколадно-вафельные со вкусом какао, 1кг",52.59,26.99,−49%,с 07 апреля до 04 мая
"Конфеты ДЖЕК шоколадно-вафельные со вкусом какао, 1кг",57.69,26.99,−53%,с 07 апреля до 04 мая
"Конфеты Зарянка в/н (в) к/уп:6,5",39.99,27.99,−30%,с 13 апреля до 10 мая
"Конфеты Зарянка в/н (в) к/уп:6,5",39.99,27.99,−30%,с 13 апреля до 10 мая
"Конфеты Зарянка в/н (в) к/уп:6,5",39.99,27.99,−30%,с 13 апреля до 10 мая
"Батончик мини ROOF возд кукур (в) к/уп:2,5",39.99,27.99,−30%,с 13 апреля до 10 мая
"Батончик мини ROOF возд кукур (в) к/уп:2,5",39.99,27.99,−30%,с 13 апреля до 10 мая
"Батончик мини ROOF возд кукур (в) к/уп:2,5",39.99,27.99,−30%,с 13 апреля до 10 мая
"Палочки соленые СОЛТЛЕТС, классические, 75г",35.6,27.99,−21%,с 07 апреля до 04 мая
"Сосиски КОРОВИНО, Молочные традиционные (ОМПК), 1кг",44.89,29.99,−33%,с 13 апреля до 26 апреля
"Бульон МАГГИ®, с курицей, 100г",37.99,29.99,−21%,с 07 апреля до 04 мая
"Корм для активных собак PURINA® ONE Мини говядина-картофель-морковь, 85г",34.10,29.99,−12%,с 13 апреля до 19 апреля
"Корм для взрослых собак PURINA® ONE Мини говядина-картофель-горох, 85г",34.10,29.99,−12%,с 13 апреля до 19 апреля
"Корм для взрослых собак PURINA® ONE Мини курица-морковь-фасоль, 85г",34.10,29.99,−12%,с 13 апреля до 19 апреля
"Сок ДОБРЫЙ, Яблоко-персик, 200мл",36.10,29.99,−17%,с 13 апреля до 19 апреля
"Сок ДОБРЫЙ, Яблоко-вишня, 200мл",36.10,29.99,−17%,с 13 апреля до 19 апреля
"Биотворог ТЕМА, Банан, 4,2%, 100г",37.99,29.99,−21%,с 07 апреля до 04 мая
"Корм для взрослых собак PURINA® ONE Мини говядина-картофель-горох, 85г",34.10,29.99,−12%,с 13 апреля до 19 апреля
"Корм для взрослых собак PURINA® ONE Мини курица-морковь-фасоль, 85г",34.10,29.99,−12%,с 13 апреля до 19 апреля
"Сок ДОБРЫЙ, Яблочный осветленный, 200мл",36.10,29.99,−17%,с 13 апреля до 19 апреля
"Корм для активных собак PURINA® ONE Мини говядина-картофель-морковь, 85г",34.10,29.99,−12%,с 13 апреля до 19 апреля
"Корм для активных собак PURINA® ONE Мини утка-паста-фасоль, 85г",34.10,29.99,−12%,с 13 апреля до 19 апреля
"Корм для собак PURINA® ONE Контроль веса Мини индейка-морковь-горох, 85г",34.10,29.99,−12%,с 13 апреля до 19 апреля
"Биотворог ТЕМА, Груша, 4,2%, 100г",37.99,29.99,−21%,с 07 апреля до 04 мая
Ореховое царство (в) к/уп:7,42.99,29.99,−30%,с 13 апреля до 10 мая
"Биотворог ТЕМА Манго-клубника 4,2%, 100г",37.99,29.99,−21%,с 07 апреля до 04 мая
Ореховое царство (в) к/уп:7,42.99,29.99,−30%,с 13 апреля до 10 мая
"Сосиски КОРОВИНО, Молочные традиционные (ОМПК), 1кг",43.19,29.99,−31%,с 13 апреля до 26 апреля
"Корм для активных собак PURINA® ONE Мини утка-паста-фасоль, 85г",34.10,29.99,−12%,с 13 апреля до 19 апреля
"Конфеты РОМАШКИ, шоколадные (Рот Фронт), 1кг",59.898,30.99,−48%,с 07 апреля до 04 мая
"Конфеты РОМАШКИ, шоколадные (Рот Фронт), 1кг",60.011,30.99,−48%,с 07 апреля до 04 мая
"Батончики РОТ ФРОНТ, 1кг",63.40,32.99,−48%,с 13 апреля до 19 апреля
Десерт Паркур (в) к/уп:3,46.99,32.99,−30%,с 13 апреля до 10 мая
Десерт Паркур (в) к/уп:3,46.99,32.99,−30%,с 13 апреля до 10 мая
Десерт Паркур (в) к/уп:3,46.99,32.99,−30%,с 13 апреля до 10 мая
"Активиа БЗМЖ Биойогурт натуральный 3,5%, 130г",45.20,32.99,−27%,с 13 апреля до 19 апреля
"Биотворог ТЕМА, Яблоко-морковь, 4,2%, 100г",37.99,32.99,−13%,с 07 апреля до 04 мая
"Биотворог ТЕМА, Банан, 4,2%, 100г",37.99,32.99,−13%,с 07 апреля до 04 мая
"Конфеты РОМАШКИ, шоколадные (Рот Фронт), 1кг",62.601,32.99,−47%,с 07 апреля до 04 мая
"Активиа БЗМЖ Биойогурт вишня 2,9%, 130г",45.20,32.99,−27%,с 13 апреля до 19 апреля
"Биотворог ТЁМА, Яблоко-персик-банан, 4,2%, 100г",37.99,32.99,−13%,с 07 апреля до 04 мая
"Активиа БЗМЖ Биойогурт чернослив 2,9%, 130г",45.20,32.99,−27%,с 13 апреля до 19 апреля
"Батончики РОТ ФРОНТ, цена за 100 г",50.00,32.99,−34%,с 13 апреля до 19 апреля
"Активиа БЗМЖ Биойогурт лен/черный/5злаков 2,9%, 130г",45.20,32.99,−27%,с 13 апреля до 19 апреля
"Батончик шоколадный МИЛКА арахис и воздушный рис, 37г",52.68,34.99,−34%,с 07 апреля до 04 мая
"Батончик шоколадный МИЛКА с кусочками Орео, 37г",52.68,34.99,−34%,с 07 апреля до 04 мая
"Хлебцы ФИТНЕСЛАЙН Витамин плюс, 100г",46.21,34.99,−24%,с 07 апреля до 04 мая
"Активиа БЗМЖ Биойогурт лен/черн/5злаков 2,9%,  130г",45.00,35.99,−20%,с 13 апреля до 19 апреля
"Батончик АГУША яблоко-банан, 15г",46.99,36.99,−21%,с 13 апреля до 03 мая
"Батончик АГУША яблоко-ежевика-малина, 15г",46.99,36.99,−21%,с 13 апреля до 03 мая
"Батончик АГУША яблоко-ежевика-малина, 15г",46.99,36.99,−21%,с 13 апреля до 03 мая
"Батончик АГУША яблоко-банан, 15г",46.99,36.99,−21%,с 13 апреля до 03 мая
"Конфеты МАСКА (Рот-Фронт), 100г",66.788,37.99,−43%,с 07 апреля до 04 мая
"Конфеты МАСКА (Рот-Фронт), 100г",67.72,37.99,−44%,с 07 апреля до 04 мая
"Сервелат РОССИЙСКИЙ, (ОМПК), 1кг",634.9,397.9,−37%,с 13 апреля до 26 апреля
"Конфеты ЗОЛОТОЙ СТЕП, Арахис-фундук-карамель (Славянка), 1кг",49.99,39.99,−20%,с 07 апреля до 04 мая
"Конфеты ЗОЛОТОЙ СТЕП, Арахис-фундук-карамель (Славянка), 1кг",54.69,39.99,−27%,с 07 апреля до 04 мая
"Пряник ТУЛЬСКИЙ, с фруктовой начинкой, 140г",57.27,39.99,−30%,с 07 апреля до 04 мая
"Пряник ТУЛЬСКИЙ, с фруктовой начинкой, 140г",58.79,39.99,−32%,с 07 апреля до 04 мая
"Пряник ТУЛЬСКИЙ со смородиновой начинкой, 140г",57.24,39.99,−30%,с 07 апреля до 04 мая
"ТУЛЬСКИЙ ПРЯНИК с вареной сгущенкой 1 штука (ТФ Ясная Поляна), 140г",58.79,39.99,−32%,с 07 апреля до 04 мая
"ТУЛЬСКИЙ ПРЯНИК с вареной сгущенкой 1 штука (ТФ Ясная Поляна), 140г",57.22,39.99,−30%,с 07 апреля до 04 мая
"ТУЛЬСКИЙ ПРЯНИК с вареной сгущенкой 1 штука (ТФ Ясная Поляна), 140г",58.79,39.99,−32%,с 07 апреля до 04 мая
"Конфеты ЗОЛОТОЙ СТЕП, Арахис-фундук-карамель (Славянка), 1кг",49.99,39.99,−20%,с 07 апреля до 04 мая
"Батончик НЕСТЛЕ ФИТНЕС, цельные злаки с шоколадом, 23,5г",50.00,39.99,−20%,с 13 апреля до 19 апреля
"Батончик НЕСТЛЕ ФИТНЕС, злаки с клубникой, 23,5г",50.00,39.99,−20%,с 13 апреля до 19 апреля
"Пряник ТУЛЬСКИЙ, с фруктовой начинкой, 140г",58.79,39.99,−32%,с 07 апреля до 04 мая
"Батончик НЕСТЛЕ ФИТНЕС, злаки с клубникой, 23,5г",47.00,39.99,−15%,с 13 апреля до 19 апреля
"Шоколад АЛЬПЕН ГОЛЬД, молочный, 90г",82.70,42.99,−48%,с 13 апреля до 19 апреля
"Напиток АГУША, Яблоко, 300мл",57.99,42.99,−26%,с 07 апреля до 04 мая
"Напиток АГУША, Ягоды садовые, 300мл",57.99,42.99,−26%,с 07 апреля до 04 мая
"Напиток АГУША, Ягоды садовые, 300мл",57.99,42.99,−26%,с 07 апреля до 04 мая
"Напиток АГУША, Яблоко, 300мл",57.99,42.99,−26%,с 07 апреля до 04 мая
"Напиток АГУША, Яблоко, 300мл",57.99,42.99,−26%,с 07 апреля до 04 мая
"Шоколад ALPEN GOLD молочный, 85г",84.30,42.99,−49%,с 13 апреля до 19 апреля
"Напиток АГУША, Ягоды садовые, 300мл",57.99,42.99,−26%,с 07 апреля до 04 мая
"Йогурт АГУША Я сам Клубника-земляника 2,2%, 180г",50.99,42.99,−16%,с 07 апреля до 04 мая
"Подлива МАГГИ®, Домашняя мясная, 90г",53.99,43.99,−19%,с 07 апреля до 04 мая
"Батончик ПИКНИК арахис-изюм-вафля-воздушный рис, 76г",64.99,44.99,−31%,с 07 апреля до 04 мая
"Батончик ПИКНИК арахис-изюм-вафля-воздушный рис, 76г",63.99,44.99,−30%,с 07 апреля до 04 мая
"Конфеты АККОНД Отломи с арахисовой начинкой, 1кг",64.99,44.99,−31%,с 07 апреля до 04 мая
"Напиток газированный ФАНТОЛА Бабл гам, 500мл",74.99,44.99,−40%,с 07 апреля до 04 мая
"Печенье КОГДА Я ВЫРАСТУ кальций, 150г",54.99,44.99,−18%,с 07 апреля до 04 мая
"Вода питьевая ЛЕГЕНДА ГОР АРХЫЗ, природная, 1,5л",62.70,46.99,−25%,с 13 апреля до 19 апреля
"Вода минеральная ЛЕГЕНДА ГОР АРХЫЗ, газированная, природная, 1,5л",62.70,46.99,−25%,с 13 апреля до 19 апреля
"Вода питьевая ЛЕГЕНДА ГОР АРХЫЗ, природная, 1,5л",62.70,46.99,−25%,с 13 апреля до 19 апреля
"Вода минеральная ЛЕГЕНДА ГОР АРХЫЗ, газированная, природная, 1,5л",62.70,46.99,−25%,с 13 апреля до 19 апреля
"Йогурт MIOCREMA питьевой груша-ваниль 1,5%, 250г",56.99,47.99,−16%,с 07 апреля до 04 мая
"Ромовая баба Б.Ю.АЛЕКСАНДРОВ с изюмом в белом шоколаде, 40г",56.99,47.99,−16%,с 07 апреля до 04 мая
"Йогурт MIOCREMA питьевой манго-киви 1,5%, 250г",56.99,47.99,−16%,с 07 апреля до 04 мая
"Ромовая баба Б.Ю.АЛЕКСАНДРОВ с изюмом в белом шоколаде, 40г",56.99,47.99,−16%,с 07 апреля до 04 мая
"Ромовая баба Б.Ю.АЛЕКСАНДРОВ с изюмом в белом шоколаде, 40г",56.99,47.99,−16%,с 07 апреля до 04 мая
"Ромовая баба Б.Ю.АЛЕКСАНДРОВ с изюмом в белом шоколаде, 40г",56.99,47.99,−16%,с 07 апреля до 04 мая
"Пиво FRAU DANKE® светлое фильтрованное 4,5%, 0,45л",55.99,48.99,−13%,с 07 апреля до 04 мая
"Чеснок КАМИС, Гранулированный, 25г",62.99,49.99,−21%,с 07 апреля до 04 мая
"Сухарики ХРУСТИM, Багет, Томат-зелень, 60г",61.99,49.99,−19%,с 13 апреля до 26 апреля
"Сухарики ХРУСТИM, Багет, Томат-зелень, 60г",61.99,49.99,−19%,с 13 апреля до 26 апреля
"Багет ХРУСТИМ  с шампиньонами в сливочном соусе, 60г",61.99,49.99,−19%,с 13 апреля до 26 апреля
"Сухарики ХРУСТИM, Багет, Томат-зелень, 60г",61.99,49.99,−19%,с 13 апреля до 26 апреля
"Сухарики ХРУСТИM, Багет, Сырное ассорти, 60г",61.99,49.99,−19%,с 13 апреля до 26 апреля
"Багет ХРУСТИМ  с шампиньонами в сливочном соусе, 60г",61.99,49.99,−19%,с 13 апреля до 26 апреля
"Приправа КАМИС куркума молотая, 20г",63.00,49.99,−21%,с 07 апреля до 04 мая
"Пиво БАД Лайт светлое пастеризованное 4,1%, 0,45л",67.44,49.99,−26%,с 13 апреля до 26 апреля
"Мороженое СЕЛО ЗЕЛЕНОЕ вафельный стаканчик земляничное, 70г",70.4,49.99,−29%,с 07 апреля до 04 мая
"Мороженое СЕЛО ЗЕЛЕНОЕ вафельный стаканчик земляничное, 70г",70.4,49.99,−29%,с 07 апреля до 04 мая
"Мороженое СЕЛО ЗЕЛЕНОЕ вафельный стаканчик земляничное, 70г",70.4,49.99,−29%,с 07 апреля до 04 мая
"Мороженое СЕЛО ЗЕЛЕНОЕ вафельный стаканчик земляничное, 70г",70.4,49.99,−29%,с 07 апреля до 04 мая
"Сухарики ХРУСTИM Багет Красная икра, 60г",61.99,49.99,−19%,с 13 апреля до 26 апреля
"Сухарики ХРУСTИM Багет Красная икра, 60г",61.99,49.99,−19%,с 13 апреля до 26 апреля
"Багет ХРУСТИМ  с шампиньонами в сливочном соусе, 60г",61.99,49.99,−19%,с 13 апреля до 26 апреля
"Мороженое СЕЛО ЗЕЛЕНОЕ вафельный стаканчик земляничное, 70г",70.4,49.99,−29%,с 07 апреля до 04 мая
"Пиво BUD Light, светлое, 4,1%, 0,44л",67.60,49.99,−26%,с 13 апреля до 19 апреля
"Пиво БАД Лайт светлое пастеризованное 4,1%, 0,45л",67.44,49.99,−26%,с 13 апреля до 26 апреля
"Напиток пивной ВЕЛКОПОПОВИЦКИЙ КОЗЕЛ темный пастеризованный 3,7%, 0,45л",70.99,49.99,−30%,с 07 апреля до 04 мая
"Рахат-лукум ВОСТОЧНЫЙ ГОСТЬ, Классический, 300г",59.99,49.99,−17%,с 07 апреля до 04 мая
"Пиво БАД Лайт светлое пастеризованное 4,1%, 0,45л",67.60,49.99,−26%,с 13 апреля до 19 апреля
"Пиво БАД Лайт светлое пастеризованное 4,1%, 0,45л",67.44,49.99,−26%,с 13 апреля до 26 апреля
"Имбирь КАМИС молотый, 15г",63.99,49.99,−22%,с 07 апреля до 04 мая
"Пиво BUD® Лайт светлое фильтрованное 4,1%, 0,44л",67.44,49.99,−26%,с 13 апреля до 26 апреля
"Пиво ВЕЛКОПОПОВИЦКИЙ КОЗЕЛ светлое 4%, 0,45л",70.99,49.99,−30%,с 07 апреля до 04 мая
"Средство чистящее ПЕМОЛЮКС, Морской Бриз, 480г",86.32,49.99,−42%,с 07 апреля до 04 мая
"Багет ХРУСТИМ с шампиньонами в сливочном соусе, 60г",61.70,49.99,−19%,с 13 апреля до 19 апреля
"Сухарики ХРУСТИM, Багет воздушный, Королевский краб, 60г",61.70,49.99,−19%,с 13 апреля до 19 апреля
"Сухарики ХРУСТИM, Багет, Сырное ассорти, 60г",61.70,49.99,−19%,с 13 апреля до 19 апреля
"Приправа КАМИС кориандр целый, 15г",71.99,49.99,−31%,с 07 апреля до 04 мая
"Сухарики ХРУСТИM, Багет, Томат-зелень, 60г",61.70,49.99,−19%,с 13 апреля до 19 апреля
"Шоколад молочный РОССИЯ, Фундук/изюм, 90г",89.30,49.99,−44%,с 13 апреля до 19 апреля
"Шоколад молочный РОССИЯ, 90г",89.30,49.99,−44%,с 13 апреля до 19 апреля
"Укроп КАМИС, 8г",61.99,49.99,−19%,с 07 апреля до 04 мая
"Сухарики ХРУСТИM, Багет воздушный, Королевский краб, 60г",61.99,49.99,−19%,с 13 апреля до 26 апреля
"Напиток пивной ВЕЛКОПОПОВИЦКИЙ КОЗЕЛ темный пастеризованный 3,7%, 0,45л",70.99,49.99,−30%,с 07 апреля до 04 мая
"Пиво ЖИГУЛИ Барное светлое фильтрованное 4,9%, 0,45л",59.99,49.99,−17%,с 07 апреля до 04 мая
"Сухарики ХРУСТИM, Багет воздушный, Королевский краб, 60г",61.99,49.99,−19%,с 13 апреля до 26 апреля
"Сухарики ХРУСТИM, Багет, Сырное ассорти, 60г",61.99,49.99,−19%,с 13 апреля до 26 апреля
"Сухарики ХРУСТИM, Багет, Сырное ассорти, 60г",61.99,49.99,−19%,с 13 апреля до 26 апреля
"Средство чистящее ПЕМОЛЮКС, Лимон, 480г",86.7,49.99,−42%,с 07 апреля до 04 мая
"Пиво ЖИГУЛИ Барное светлое фильтрованное 4,9%, 0,45л",59.99,49.99,−17%,с 07 апреля до 04 мая
"Пиво BUD® Лайт светлое фильтрованное 4,1%, 0,44л",67.44,49.99,−26%,с 13 апреля до 26 апреля
"Пиво ЖИГУЛИ Барное светлое фильтрованное 4,9%, 0,45л",59.99,49.99,−17%,с 07 апреля до 04 мая
"Пиво BUD® Лайт светлое фильтрованное 4,1%, 0,44л",67.44,49.99,−26%,с 13 апреля до 26 апреля
"Сухарики ХРУСТИM, Багет воздушный, Королевский краб, 60г",61.99,49.99,−19%,с 13 апреля до 26 апреля
"Пиво ВЕЛКОПОПОВИЦКИЙ КОЗЕЛ светлое 4%, 0,45л",70.99,49.99,−30%,с 07 апреля до 04 мая
"Пиво ЖИГУЛИ Барное, светлое фильтрованное пастеризованное, 4,9%, 0,45л",59.99,49.99,−17%,с 07 апреля до 04 мая
"Пиво ЖИГУЛИ Барное, светлое фильтрованное пастеризованное, 4,9%, 0,45л",59.99,49.99,−17%,с 07 апреля до 04 мая
"Пиво БАЛТИКА №3, Светлое фильтрованное, 4,8%, 0,45л",64.99,51.99,−20%,с 07 апреля до 04 мая
"Напиток пивной ВЕЛКОПОПОВИЦКИЙ КОЗЕЛ темный 3,7%, 0,45л",70.99,51.99,−27%,с 07 апреля до 04 мая
"Напиток пивной ВЕЛКОПОПОВИЦКИЙ КОЗЕЛ темный пастеризованный 3,7%, 0,45л",70.99,51.99,−27%,с 07 апреля до 04 мая
"Пиво ВЕЛКОПОПОВИЦКИЙ КОЗЕЛ светлое 4%, 0,45л",70.99,51.99,−27%,с 07 апреля до 04 мая
"Пиво BUD 66, светлое, 4,3%, 0,44л",84.10,52.99,−37%,с 13 апреля до 19 апреля
"Пюре НЕСТЛЕ персик, 90г",61.99,52.99,−15%,с 13 апреля до 26 апреля
"Пиво BUD 66, светлое, 4,3%, 0,44л",84.10,52.99,−37%,с 13 апреля до 19 апреля
"Пиво ЛЕВЕНБРАУ Ориджинал светлое фильтрованное 5,4%, 0,45",73.99,54.99,−26%,с 07 апреля до 04 мая
"Конфеты шоколадные КИТ-КАТ, с хрустящими вафлями, 1кг",73.89,54.99,−26%,с 07 апреля до 04 мая
"Пиво БАЛТИКА№0, Безалкогольное, светлое, 0,47л",61.80,54.99,−11%,с 13 апреля до 19 апреля
"Пиво БАЛТИКА №0, Светлое, нефильтрованное, 0,5%, 0,45л",61.80,54.99,−11%,с 13 апреля до 19 апреля
"Пиво БАЛТИКА№0, Светлое, фильтрованное, 0,45л",61.80,54.99,−11%,с 13 апреля до 19 апреля
"Пиво БАЛТИКА№0, Светлое, фильтрованное, 0,45л",61.80,54.99,−11%,с 13 апреля до 19 апреля
"Батончик шоколадный НАТС Дуо с фундуком брауни, 60г",75.30,54.99,−27%,с 13 апреля до 19 апреля
"Пиво БАЛТИКА №0, Светлое, нефильтрованное, 0,5%, 0,45л",61.80,54.99,−11%,с 13 апреля до 19 апреля
"Продукт овсяный VELLE густой клубника-банан, 140г",64.99,54.99,−15%,с 07 апреля до 04 мая
"Губка для посуды СЕЛЕСТА универсальная, 10шт.",69.99,54.99,−21%,с 07 апреля до 04 мая
"Нектар БАРИНОФФ Манго, 250мл",64.99,54.99,−15%,с 07 апреля до 04 мая
"Конфеты шоколадные КИТ-КАТ, с хрустящими вафлями, 1кг",73.69,54.99,−25%,с 07 апреля до 04 мая
"Конфеты шоколадные КИТ-КАТ, с хрустящими вафлями, 1кг",73.09,54.99,−25%,с 07 апреля до 04 мая
"Йогурт питьевой АКТИВИА яблоко-персик 2%, 260г",72.99,54.99,−25%,с 07 апреля до 04 мая
"Продукт овсяный VELLE густой клубника-банан, 140г",64.99,54.99,−15%,с 07 апреля до 04 мая
"Йогурт питьевой АКТИВИА яблоко-клубника-черника 2%, 260г",72.99,54.99,−25%,с 07 апреля до 04 мая
"Йогурт питьевой АКТИВИА яблоко-клубника-черника 2%, 260г",72.99,54.99,−25%,с 07 апреля до 04 мая
"Продукт овсяный VELLE густой печеное яблоко, 140г",64.99,54.99,−15%,с 07 апреля до 04 мая
"Йогурт питьевой АКТИВИА яблоко-клубника-черника 2%, 260г",72.99,54.99,−25%,с 07 апреля до 04 мая
"Продукт овсяный VELLE густой печеное яблоко, 140г",64.99,54.99,−15%,с 07 апреля до 04 мая
"Йогурт питьевой АКТИВИА яблоко-персик 2%, 260г",72.99,54.99,−25%,с 07 апреля до 04 мая
"Йогурт питьевой АКТИВИА яблоко-персик 2%, 260г",72.99,54.99,−25%,с 07 апреля до 04 мая
"Пиво БАЛТИКА 9, Легендарное, светлое фильтрованное пастеризованное, 8%, 0,45л",65.10,55.99,−14%,с 13 апреля до 19 апреля
"Пиво КРУШОВИЦЕ, темное, фильтрованное, пастеризованное, 4,1%, 450мл",72.99,56.99,−22%,с 07 апреля до 04 мая
"Напиток газированный НАПИТКИ ИЗ ЧЕРНОГОЛОВКИ, Байкал, 500мл",69.90,57.99,−17%,с 13 апреля до 19 апреля
"Напиток газированный НАПИТКИ ИЗ ЧЕРНОГОЛОВКИ, Дюшес, 500мл",69.90,57.99,−17%,с 13 апреля до 19 апреля
"Газированный напиток НАПИТКИ ИЗ ЧЕРНОГОЛОВКИ, Тархун, 500мл",69.90,57.99,−17%,с 13 апреля до 19 апреля
"Напиток газированный НАПИТКИ ИЗ ЧЕРНОГОЛОВКИ, Буратино, 500мл",69.90,57.99,−17%,с 13 апреля до 19 апреля
"Напиток газированный НАПИТКИ ИЗ ЧЕРНОГОЛОВКИ, Дюшес, 500мл",69.90,57.99,−17%,с 13 апреля до 19 апреля
"Напиток пивной DOCTOR DIESEL Арбуз-грейпфрут светлый 4,5%, 0,33л",79.99,57.99,−28%,с 07 апреля до 04 мая
"Напиток газированный НАПИТКИ ИЗ ЧЕРНОГОЛОВКИ, Байкал, 500мл",69.90,57.99,−17%,с 13 апреля до 19 апреля
"Напиток пивной DOCTOR DIESEL Арбуз-грейпфрут светлый 4,5%, 0,33л",79.99,57.99,−28%,с 07 апреля до 04 мая
"Напиток газированный ЧЕРНОГОЛОВКА крюшон, 500мл",69.90,57.99,−17%,с 13 апреля до 19 апреля
"Напиток пивной DOCTOR DIESEL Малина-гранат светлый нефильтрованный 4,5%, 0,33л",79.99,57.99,−28%,с 07 апреля до 04 мая
"Напиток пивной DOCTOR DIESEL Малина-гранат светлый нефильтрованный 4,5%, 0,33л",79.99,57.99,−28%,с 07 апреля до 04 мая
"Напиток пивной DOCTOR DIESEL Манго-маракуйя светлый 4,5%, 0,33л",79.99,57.99,−28%,с 07 апреля до 04 мая
"Газированный напиток НАПИТКИ ИЗ ЧЕРНОГОЛОВКИ, Тархун, 500мл",69.90,57.99,−17%,с 13 апреля до 19 апреля
"Напиток пивной DOCTOR DIESEL Манго-маракуйя светлый 4,5%, 0,33л",79.99,57.99,−28%,с 07 апреля до 04 мая
"Молоко СЛАВЯНСКИЕ КРУЖЕВА ультрапастеризованное 3,2%, 930мл",76.99,59.89,−22%,с 07 апреля до 04 мая
"Молоко СЛАВЯНСКИЕ КРУЖЕВА ультрапастеризованное 3,2%, 930мл",76.99,59.89,−22%,с 07 апреля до 04 мая
"Молоко СЛАВЯНСКИЕ КРУЖЕВА ультрапастеризованное 3,2%, 930мл",76.99,59.89,−22%,с 07 апреля до 04 мая
"Цикорий БОЛЬШАЯ ЧАШКА растворимый, 85г",89.99,59.99,−33%,с 07 апреля до 04 мая
"Напиток пивной ЭССА ананас-грейпфрут 6,5%, 0,45л",82.99,59.99,−28%,с 07 апреля до 04 мая
"Напиток пивной ЭССА ананас-грейпфрут 6,5%, 0,45л",82.99,59.99,−28%,с 07 апреля до 04 мая
"Напиток пивной ЭССА лайм-мята пастеризованный 6,5%, 0,45л",82.99,59.99,−28%,с 07 апреля до 04 мая
"Напиток пивной ЭССА лайм-мята пастеризованный 6,5%, 0,45л",82.99,59.99,−28%,с 07 апреля до 04 мая
"Напиток пивной ЭССА лайм-мята пастеризованный 6,5%, 0,45л",82.99,59.99,−28%,с 07 апреля до 04 мая
"Напиток пивной ЭССА апельсин-вишня 6,5%, 0,45л",82.99,59.99,−28%,с 07 апреля до 04 мая
"Напиток пивной ЭССА апельсин-вишня 6,5%, 0,45л",82.99,59.99,−28%,с 07 апреля до 04 мая
"ПАШТЕТ ПЕЧЕНОЧНЫЙ со сливочным маслом, ГОСТ (Йошкар-Олинский МК), 100г",84.99,59.99,−29%,с 07 апреля до 04 мая
"Вафли сливочные КОЛОМЕНСКОЕ, традиционные, 220г",85.99,59.99,−30%,с 07 апреля до 04 мая
"Вафли КОЛОМЕНСКОЕ глазированные с арахисом и фундуком, 160г",85.99,59.99,−30%,с 07 апреля до 04 мая
"Килька ЗНАК КАЧЕСТВА обжаренная в томатном соусе, 240г",80.00,59.99,−25%,с 13 апреля до 19 апреля
"Напиток пивной ЭССА апельсин-вишня 6,5%, 0,45л",82.99,59.99,−28%,с 07 апреля до 04 мая
"Шоколад молочный NESQUIK® Злаки-ягоды, 100г",94.99,59.99,−37%,с 07 апреля до 04 мая
Напиток пивной ДОКТОР ДИЗЕЛЬ Манго-красный апельсин 6%,78.90,59.99,−24%,с 13 апреля до 19 апреля
"Шоколад молочный NESQUIK® Злаки-ягоды, 100г",95.99,59.99,−38%,с 07 апреля до 04 мая
"Шоколад НЕСКВИК молочный с молочной начинкой/какао-печенье, 95г",94.99,59.99,−37%,с 07 апреля до 04 мая
"Шоколад НЕСКВИК молочный с молочной начинкой/какао-печенье, 95г",92.99,59.99,−35%,с 07 апреля до 04 мая
"Шоколад NESQUIK® с молочной начинкой, 100г",86.99,59.99,−31%,с 07 апреля до 04 мая
"Шоколад NESQUIK® с молочной начинкой, 100г",95.99,59.99,−38%,с 07 апреля до 04 мая
"Шоколад NESQUIK® с молочной начинкой, 100г",94.99,59.99,−37%,с 07 апреля до 04 мая
"Пивной напиток ДОКТОР ДИЗЕЛЬ, клубника-лайм, 4,4%, 0,45л",78.90,59.99,−24%,с 13 апреля до 19 апреля
"Шоколад молочный NESQUIK® Злаки-ягоды, 100г",86.99,59.99,−31%,с 07 апреля до 04 мая
"Пиво ХЕЙНЕКЕН светлое пастеризованное 4,8%, 0,43л",89.99,59.99,−33%,с 07 апреля до 04 мая
"Килька ЗНАК КАЧЕСТВА обжаренная в томатном соусе, 240г",80.00,59.99,−25%,с 13 апреля до 19 апреля
"Йогурт ДАНИССИМО арахис-шоколадный микс 2,9%, 136г",74.10,59.99,−19%,с 13 апреля до 19 апреля
"Пиво ЖАТЕЦКИЙ ГУС светлое нефильтрованное 4,8%, 0,45л",75.99,61.99,−18%,с 07 апреля до 04 мая
"Хлебцы ДР.КОРНЕР, Кукурузно-рисовые карамельные, 90г",85.10,62.99,−26%,с 13 апреля до 19 апреля
"Хлебцы ДР.КОРНЕР, Кукурузно-рисовые карамельные, 90г",86.30,62.99,−27%,с 13 апреля до 19 апреля
"Шоколад МИЛКА, с карамельной начинкой, 90г",124.99,64.99,−48%,с 07 апреля до 04 мая
"Шоколад МИЛКА, с карамельной начинкой, 90г",114.99,64.99,−43%,с 07 апреля до 04 мая
"Шоколад МИЛКА, молочный, миндаль/лесные ягоды, 90г",124.99,64.99,−48%,с 07 апреля до 04 мая
"Салфетки влажные ЭКОНОМ Смарт, универсальные, 70шт.",74.99,64.99,−13%,с 07 апреля до 04 мая
"Шоколад МИЛКА, Молочный, 90г",114.99,64.99,−43%,с 07 апреля до 04 мая
"Шоколад МИЛКА, с карамельной начинкой, 90г",125.99,64.99,−48%,с 07 апреля до 04 мая
"Пюре ГЕРБЕР, Чернослив, 80г",76.99,64.99,−16%,с 13 апреля до 26 апреля
"Пюре ГЕРБЕР, Яблоко, 80г",76.99,64.99,−16%,с 13 апреля до 26 апреля
"Пюре ГЕРБЕР, Яблоко, 80г",76.99,64.99,−16%,с 13 апреля до 26 апреля
"Пюре ГЕРБЕР, Яблоко, 80г",76.99,64.99,−16%,с 13 апреля до 26 апреля
"Шоколад МИЛКА, молочный, миндаль/лесные ягоды, 90г",126.99,64.99,−49%,с 07 апреля до 04 мая
"Пюре ГЕРБЕР, Чернослив, 80г",76.99,64.99,−16%,с 13 апреля до 26 апреля
"Шоколад МИЛКА, с фундуком и изюмом, 90г",124.99,64.99,−48%,с 07 апреля до 04 мая
"Пюре ГЕРБЕР, Груша, 80г",76.99,64.99,−16%,с 13 апреля до 26 апреля
"Пюре ГЕРБЕР, Груша, 80г",76.99,64.99,−16%,с 13 апреля до 26 апреля
"Пюре ГЕРБЕР, Груша, 80г",76.99,64.99,−16%,с 13 апреля до 26 апреля
"МАМА ЛАМА десерт творожный с бананом 5,7% 125г (ЭРМАНН):6",73.3,64.99,−11%,с 07 апреля до 04 мая
"МАМА ЛАМА десерт твор малина/пломбир 5,7% 125г (ЭРМАНН):6",73.3,64.99,−11%,с 07 апреля до 04 мая
"МАМА ЛАМА десерт твор малина/пломбир 5,7% 125г (ЭРМАНН):6",73.3,64.99,−11%,с 07 апреля до 04 мая
"МАМА ЛАМА десерт творожный с яблоком 5,7% 125г (ЭРМАНН):6",73.3,64.99,−11%,с 07 апреля до 04 мая
"Напиток пивной ЭДЕЛЬВАЙС нефильтрованный пастеризованный 4,9%, 0,43л",86.99,64.99,−25%,с 07 апреля до 04 мая
"Шоколад МИЛКА, Молочный, 90г",124.99,64.99,−48%,с 07 апреля до 04 мая
"Пюре ГЕРБЕР, Чернослив, 80г",76.99,64.99,−16%,с 13 апреля до 26 апреля
"Шоколад МИЛКА, Молочный, 90г",125.99,64.99,−48%,с 07 апреля до 04 мая
"Шоколад МИЛКА, с фундуком, 90г",124.99,64.99,−48%,с 07 апреля до 04 мая
"Шоколад МИЛКА, с фундуком и изюмом, 90г",126.99,64.99,−49%,с 07 апреля до 04 мая
"Шоколад белый АЛЬПЕН ГОЛЬД, Миндаль и кокосовая стружка, 90г",124.99,64.99,−48%,с 07 апреля до 04 мая
"Шоколад МИЛКА молочный ореховая паста с фундуком, 90г",114.99,64.99,−43%,с 07 апреля до 04 мая
"Шоколад МИЛКА молочный ореховая паста с фундуком, 90г",124.99,64.99,−48%,с 07 апреля до 04 мая
"Шоколад МИЛКА, молочный со вкусом клубники, 90г",114.99,64.99,−43%,с 07 апреля до 04 мая
"Шоколад МИЛКА, молочный со вкусом клубники, 90г",126.99,64.99,−49%,с 07 апреля до 04 мая
"Шоколад МИЛКА, молочный со вкусом клубники, 90г",124.99,64.99,−48%,с 07 апреля до 04 мая
"Шоколад МИЛКА, Молочный пористый, 80г",126.99,64.99,−49%,с 07 апреля до 04 мая
"Шоколад МИЛКА, Молочный пористый, 80г",114.99,64.99,−43%,с 07 апреля до 04 мая
"Шоколад МИЛКА, с фундуком, 90г",114.99,64.99,−43%,с 07 апреля до 04 мая
"Шоколад МИЛКА, с фундуком, 90г",125.99,64.99,−48%,с 07 апреля до 04 мая
"Шоколад МИЛКА, Молочный пористый, 80г",124.99,64.99,−48%,с 07 апреля до 04 мая
"Шоколад МИЛКА молочный ореховая паста с миндалем, 90г",124.99,64.99,−48%,с 07 апреля до 04 мая
"Шоколад МИЛКА, с фундуком и изюмом, 90г",114.99,64.99,−43%,с 07 апреля до 04 мая
"Шоколад МИЛКА, молочный, миндаль/лесные ягоды, 90г",114.99,64.99,−43%,с 07 апреля до 04 мая
"Шоколад МИЛКА молочный ореховая паста с миндалем, 90г",114.99,64.99,−43%,с 07 апреля до 04 мая
"Приправа МАГГИ® на ВТОРОЕ, Нежная курица По-итальянски, 30.6г",83.99,66.99,−20%,с 07 апреля до 04 мая
"Горошек зеленый ШЕСТЬ СОТОК, 400г",100.00,68.99,−31%,с 13 апреля до 19 апреля
"Кукуруза сладкая ШЕСТЬ СОТОК, 340г",100.00,68.99,−31%,с 13 апреля до 19 апреля
"Чипсы РУССКАЯ КАРТОШКА Камчатский краб, 110г",99.99,69.99,−30%,с 07 апреля до 04 мая
"Кетчуп ХАЙНЦ для гриля и шашлыка, 320г",98.99,69.99,−29%,с 07 апреля до 04 мая
"Кетчуп ХАЙНЦ Томатный, 320г",98.99,69.99,−29%,с 07 апреля до 04 мая
"Кетчуп ХАЙНЦ Томатный, 320г",98.99,69.99,−29%,с 07 апреля до 04 мая
"Кетчуп ХАЙНЦ Томатный, 320г",98.99,69.99,−29%,с 07 апреля до 04 мая
"Кетчуп ХАЙНЦ Острый, 320г",97.99,69.99,−29%,с 07 апреля до 04 мая
"Кетчуп ХАЙНЦ Чеснок и пряности, 320г",98.99,69.99,−29%,с 07 апреля до 04 мая
"Кетчуп ХАЙНЦ Чеснок и пряности, 320г",98.99,69.99,−29%,с 07 апреля до 04 мая
"Кетчуп ХАЙНЦ Укроп-петрушка для шашлыка, 320г",98.99,69.99,−29%,с 07 апреля до 04 мая
"Кетчуп ХАЙНЦ Итальянский, 320г",97.99,69.99,−29%,с 07 апреля до 04 мая
"Шоколад молочный АЛЕНКА, с фундуком, 100г",100.00,69.99,−30%,с 13 апреля до 19 апреля
"Шоколад АЛЕНКА, с разноцветным драже, 100г",100.00,69.99,−30%,с 13 апреля до 19 апреля
"Крупа перловая УВЕЛКА, 800г",77.80,69.99,−10%,с 13 апреля до 19 апреля
"Чипсы РУССКАЯ КАРТОШКА Камчатский краб, 110г",99.99,69.99,−30%,с 07 апреля до 04 мая
"Чипсы РУССКАЯ КАРТОШКА Камчатский краб, 110г",99.99,69.99,−30%,с 07 апреля до 04 мая
"Чипсы РУССКАЯ КАРТОШКА Камчатский краб, 110г",99.99,69.99,−30%,с 07 апреля до 04 мая
"Чипсы РУССКАЯ КАРТОШКА Камчатский краб, 110г",99.99,69.99,−30%,с 07 апреля до 04 мая
"Пиво СТЕЛЛА АРТУА светлое пастеризованное 5%, 0,44л",99.99,69.99,−30%,с 07 апреля до 04 мая
"Пиво СТЕЛЛА АРТУА, светлое пастеризованное, 5%, 0,45л",99.99,69.99,−30%,с 07 апреля до 04 мая
"Печенье ДЕРЕВЕНСКОЕ сахарное первоклассное к кофе, 355г",101.99,69.99,−31%,с 07 апреля до 04 мая
"Чипсы РУССКАЯ КАРТОШКА Камчатский краб, 110г",99.99,69.99,−30%,с 07 апреля до 04 мая
"Шоколад МИЛКА, молочный, арахис-карамель-кукузурные хлопья-рисовые шарики, 90г",138.99,69.99,−50%,с 07 апреля до 04 мая
"Кетчуп ХАЙНЦ для гриля и шашлыка, 320г",98.99,69.99,−29%,с 07 апреля до 04 мая
"Сельдь ИСЛАНДКА филе кусочки в лимонной заливке, 115г",107.99,69.99,−35%,с 07 апреля до 04 мая
"Соломка ПОМСТИКС, сметана/специи, 100г",114.99,69.99,−39%,с 07 апреля до 04 мая
"Сельдь ИСЛАНДКА филе кусочки в лимонной заливке, 115г",107.99,69.99,−35%,с 07 апреля до 04 мая
"Салатник Парма квадратный белый опал, 14см",129.99,69.99,−46%,с 07 апреля до 04 мая
"Шоколад МИЛКА, с цельным фундуком, 90г",129.99,69.99,−46%,с 07 апреля до 04 мая
"Кружка, Бэйсик, , стекло (Пашабахче), 350мл",84.99,69.99,−18%,с 07 апреля до 04 мая
"Шоколад МИЛКА, с цельным фундуком, 90г",138.99,69.99,−50%,с 07 апреля до 04 мая
"Шоколад МИЛКА БАБЛС, Пористый, кокос, 97г",138.99,69.99,−50%,с 07 апреля до 04 мая
"Шоколад МИЛКА БАБЛС, Пористый, кокос, 97г",138.99,69.99,−50%,с 07 апреля до 04 мая
"Шоколад МИЛКА, с цельным фундуком, 90г",138.99,69.99,−50%,с 07 апреля до 04 мая
"Палочки картофельные ПОМСТИКС, с солью, 100г",114.99,69.99,−39%,с 07 апреля до 04 мая
"Чай зеленый ЗЕЛЕНЫЙ ДРАКОН, китайский, крупнолистовой, 100г",79.99,71.99,−10%,с 07 апреля до 04 мая
"Шарики кукурузные CHICO&RICO® сметана-лук, 140г",80.00,71.99,−10%,с 13 апреля до 19 апреля
"Молоко ПРОСТОКВАШИНО, пастеризованное, 2,5%, 930мл",83.30,72.99,−12%,с 13 апреля до 19 апреля
"Пирожное БАРНИ с абрикосовой начинкой, 150г",132.99,74.99,−44%,с 10 марта до 04 мая
"Шарики кукурузные СЫР BALL® сыр, 140г",94.99,74.99,−21%,с 13 апреля до 26 апреля
"Мармелад БОН ПАРИ жевательный, Бравокадо, 100 г",105.35,74.99,−29%,с 07 апреля до 04 мая
"Макаронные изделия МАЛЬТАЛЬЯТТИ, Рожки средние №38, 500г",99.99,74.99,−25%,с 07 апреля до 04 мая
"Мармелад БОН ПАРИ жевательный Скрепыши фруктовые, 100г",105.35,74.99,−29%,с 07 апреля до 04 мая
"Мармелад жевательный БОН ПАРИ Медвежонок и Ко, 120г",105.35,74.99,−29%,с 07 апреля до 04 мая
"Мармелад жевательный БОН-ПАРИ Страна единорогов, 100г",105.35,74.99,−29%,с 07 апреля до 04 мая
"Шарики кукурузные СЫР BALL® сыр, 140г",94.99,74.99,−21%,с 13 апреля до 26 апреля
"Макаронные изделия МАЛЬТАЛЬЯТТИ, Рожки средние №38, 500г",95.99,74.99,−22%,с 07 апреля до 04 мая
"Шарики кукурузные СЫР BALL® сыр, 140г",94.90,74.99,−21%,с 13 апреля до 19 апреля
"Шарики кукурузные СЫР BALL® сыр, 140г",94.99,74.99,−21%,с 13 апреля до 26 апреля
"Мармелад жевательный БОН ПАРИ кислые змейки, 120г",105.35,74.99,−29%,с 07 апреля до 04 мая
"Паштет МИХАЙЛОВ КУРЕНЬ, Печеночный, 250г",90.30,74.99,−17%,с 13 апреля до 19 апреля
"Спагетти МАЛЬТАЛЬЯТИ, №2/№4, 500г",99.99,74.99,−25%,с 07 апреля до 04 мая
"Вермишель МАЛЬТАЛЬЯТТИ, 500г",94.99,74.99,−21%,с 07 апреля до 04 мая
"Макароны МАЛЬТАЛЬЯТИ, Ракушка мелкая №040, 500г",95.99,74.99,−22%,с 07 апреля до 04 мая
"Макароны МАЛЬТАЛЬЯТИ, Ракушка мелкая №040, 500г",94.99,74.99,−21%,с 07 апреля до 04 мая
"Макаронные изделия МАЛЬТАЛЬЯТТИ, Рожки средние №38, 500г",94.99,74.99,−21%,с 07 апреля до 04 мая
"Вермишель МАЛЬТАЛЬЯТТИ, 500г",95.99,74.99,−22%,с 07 апреля до 04 мая
"Приправа МАГГИ®, Универсальная, овощная, 200г",89.99,74.99,−17%,с 07 апреля до 04 мая
"Паштет МИХАЙЛОВ КУРЕНЬ, Печеночный, 250г",90.30,74.99,−17%,с 13 апреля до 19 апреля
"Шарики кукурузные СЫР BALL® сыр, 140г",94.90,74.99,−21%,с 13 апреля до 19 апреля
"Акварельки МАЛВИКЪ Карамель леденцовая ассорти, 180г",105.50,76.99,−27%,с 13 апреля до 19 апреля
"Пюре ГЕРБЕР, Яблоко-банан, с 6 месяцев, 90г",89.99,77.99,−13%,с 07 апреля до 04 мая
"Пюре ГЕРБЕР, Яблоко, с 4 месяцев, 90г",89.99,77.99,−13%,с 07 апреля до 04 мая
"Пюре ГЕРБЕР, 4 фрукта, с 6 месяцев, 90г",89.99,77.99,−13%,с 07 апреля до 04 мая
"Соус ХАЙЦ Брусничный, 230г",108.99,79.99,−27%,с 07 апреля до 04 мая
"Сельдь ДОБРОФЛОТ, тихоокеанская, 245г",124.99,79.99,−36%,с 07 апреля до 04 мая
"Печенье 7ДЭЙЗ, мини, в шоколадной глазури с кремом какао, 100г",101.99,79.99,−22%,с 07 апреля до 04 мая
"Чипсы РУССКАЯ КАРТОШКА Камчатский краб, 200г",169.99,79.99,−53%,с 07 апреля до 04 мая
"Чипсы РУССКАЯ КАРТОШКА Лук и сметана, 200г",169.99,79.99,−53%,с 07 апреля до 04 мая
"Чипсы РУССКАЯ КАРТОШКА Лук и сметана, 200г",169.99,79.99,−53%,с 07 апреля до 04 мая
"Чипсы РУССКАЯ КАРТОШКА Лук и сметана, 200г",169.99,79.99,−53%,с 07 апреля до 04 мая
"Котлеты БЛИЖНИЕ ГОРКИ для бургера из свинины охлажденные, 200г",136.99,79.99,−42%,с 07 апреля до 04 мая
"Чипсы РУССКАЯ КАРТОШКА Лук и сметана, 200г",169.99,79.99,−53%,с 07 апреля до 04 мая
"Фасоль БОНДЮЭЛЬ, белая, 425мл",109.99,79.99,−27%,с 07 апреля до 04 мая
"Чипсы РУССКАЯ КАРТОШКА Камчатский краб, 200г",169.99,79.99,−53%,с 07 апреля до 04 мая
"Фасоль белая БОНДЮЭЛЬ, в томатном соусе, 425мл",109.99,79.99,−27%,с 07 апреля до 04 мая
"Тарелка суповая Парма квадратная белый опал, 23см",159.99,79.99,−50%,с 07 апреля до 04 мая
"Тарелка десертная Парма квадратная белый опал, 20см",139.99,79.99,−43%,с 07 апреля до 04 мая
"Чипсы РУССКАЯ КАРТОШКА Камчатский краб, 200г",169.99,79.99,−53%,с 07 апреля до 04 мая
"Чипсы РУССКАЯ КАРТОШКА Камчатский краб, 200г",169.99,79.99,−53%,с 07 апреля до 04 мая
"Суфле БОН ПАРИ, 90г",125.99,79.99,−37%,с 07 апреля до 04 мая
"Соус ХАЙНЦ, Цезарь, 230г",111.99,79.99,−29%,с 07 апреля до 04 мая
"Сметана ПРОСТОКВАШИНО 15%, 300г",96.40,82.99,−14%,с 13 апреля до 19 апреля
"Шоколад БАБАЕВСКИЙ горький, 100г",130.80,84.99,−35%,с 13 апреля до 19 апреля
"Шоколад Люкс, 100г",123.20,84.99,−31%,с 13 апреля до 19 апреля
"Шоколад МИЛКА Сэндвич Орео молочный c печеньем с ванильной начинкой, 92г",134.99,84.99,−37%,с 07 апреля до 04 мая
"Шоколад БАБАЕВСКИЙ Фирменный, 100г",130.80,84.99,−35%,с 13 апреля до 19 апреля
"Кальмар САНТА БРЕМОР в сливочном соусе с креветкой, 150г",139.99,84.99,−39%,с 07 апреля до 04 мая
"Кукуруза ХАЙНЦ, Сладкая, 340г",124.99,84.99,−32%,с 07 апреля до 04 мая
"Кальмар САНТА БРЕМОР в сливочном соусе с креветкой, 150г",139.99,84.99,−39%,с 07 апреля до 04 мая
"Кальмар САНТА БРЕМОР в сливочном соусе с мясом краба имитированным, 150г",139.99,84.99,−39%,с 07 апреля до 04 мая
"Горошек зеленый ХАЙНЦ нежный, 400г",124.99,84.99,−32%,с 07 апреля до 04 мая
"Кальмар САНТА БРЕМОР в сливочном соусе с мясом краба имитированным, 150г",139.99,84.99,−39%,с 07 апреля до 04 мая
"Кукуруза ХАЙНЦ, Сладкая, 340г",124.99,84.99,−32%,с 07 апреля до 04 мая
"Печень трески МОРСКОЙ КОТИК По-скандинавски, 240г",119.99,84.99,−29%,с 07 апреля до 04 мая
"Печень трески МОРСКОЙ КОТИК По-скандинавски, 240г",119.99,84.99,−29%,с 07 апреля до 04 мая
"Сыр МИР ВКУСА Монблан Снежная Вершина 50%, 1кг",127.9,87.99,−31%,с 07 апреля до 04 мая
"Сыр МИР ВКУСА Монблан Снежная Вершина 50%, 1кг",127.9,87.99,−31%,с 07 апреля до 04 мая
"Пюре ГЕРБЕР Органик, Спелое манго, 90г",104.99,87.99,−16%,с 13 апреля до 26 апреля
"Пюре ГЕРБЕР Органик, Спелое манго, 90г",104.99,87.99,−16%,с 13 апреля до 26 апреля
"Крупа гречневая УВЕЛКА, Экстра, в пакетиках, 80гx5шт.",120.00,89.99,−25%,с 13 апреля до 19 апреля
"Соус ХАЙНЦ Черри, 230г",119.99,89.99,−25%,с 07 апреля до 04 мая
"Крупа гречневая УВЕЛКА, Экстра, в пакетиках, 80гx5шт.",108.99,89.99,−17%,с 13 апреля до 26 апреля
"Салями ФЛАМЕНКО, сырокопченая, нарезка, мини (Черкизовский МПЗ), 100г",157.59,89.99,−43%,с 13 апреля до 26 апреля
"Салями ФЛАМЕНКО, сырокопченая, нарезка, мини (Черкизовский МПЗ), 100г",156.79,89.99,−43%,с 13 апреля до 26 апреля
"Соус ХАЙНЦ Черри, 230г",119.99,89.99,−25%,с 07 апреля до 04 мая
"Конфеты ЛАСТОЧКА (красный Октябрь), 250г",156.2,89.99,−42%,с 07 апреля до 04 мая
"Салями ФЛАМЕНКО, сырокопченая, нарезка, мини (Черкизовский МПЗ), 100г",157.39,89.99,−43%,с 13 апреля до 26 апреля
"Чай холодный НЕСТИ Манго-ананас, 1,5л",134.99,89.99,−33%,с 07 апреля до 04 мая
"Салями ФЛАМЕНКО, сырокопченая, нарезка, мини (Черкизовский МПЗ), 100г",154.79,89.99,−42%,с 13 апреля до 26 апреля
"Крупа гречневая УВЕЛКА, Экстра, в пакетиках, 80гx5шт.",107.99,89.99,−17%,с 13 апреля до 26 апреля
"Крупа гречневая УВЕЛКА, Экстра, в пакетиках, 80гx5шт.",119.99,89.99,−25%,с 13 апреля до 26 апреля
"Чай зеленый НЕСТИ, Малина, 1,5л",134.99,89.99,−33%,с 07 апреля до 04 мая
"Чай черный НЕСТИ, Лесные ягоды, 1,5л",134.99,89.99,−33%,с 07 апреля до 04 мая
"Каша овсяная УВЕЛКА, Клубника со сливками, 200г",123.99,89.99,−27%,с 13 апреля до 26 апреля
"Изюм ВОСТОЧНЫЙ ГОСТЬ голден, 150г",118.5,89.99,−24%,с 07 апреля до 04 мая
"Крупа УВЕЛКА Гречневая Экстра вар/пак, 5*80г",108.40,89.99,−17%,с 13 апреля до 19 апреля
"Салями ФЛАМЕНКО, сырокопченая, нарезка, мини (Черкизовский МПЗ), 100г",156.39,89.99,−42%,с 13 апреля до 26 апреля
"Печенье БЕЛВИТА, Утреннее, сэндвич с йогуртовой начинкой, 253г",132.99,92.99,−30%,с 07 апреля до 04 мая
"Печенье БЕЛВИТА, Утреннее, сэндвич с йогуртовой начинкой, 253г",138.99,92.99,−33%,с 07 апреля до 04 мая
"Печенье БЕЛВИТА, Утреннее, сэндвич какао с йогуртовой начинкой, 253г",138.99,92.99,−33%,с 07 апреля до 04 мая
"Печенье БЕЛВИТА, Утреннее, сэндвич какао с йогуртовой начинкой, 253г",134.99,92.99,−31%,с 07 апреля до 04 мая
"Печенье БЕЛВИТА, Утреннее, сэндвич какао с йогуртовой начинкой, 253г",132.99,92.99,−30%,с 07 апреля до 04 мая
"Печенье БЕЛВИТА, Утреннее, сэндвич с йогуртовой начинкой, 253г",134.99,92.99,−31%,с 07 апреля до 04 мая
"Шоколад ЛЮКС, 1 штука (КК Бабаевский), 100г",155.70,94.99,−39%,с 13 апреля до 19 апреля
"Халва ВОСТОЧНЫЙ ГОСТЬ, Подсолнечная, 500г",119.99,94.99,−21%,с 07 апреля до 04 мая
"Напиток сывороточный МАЖИТЭЛЬ Нео папайя-манго-ананас, 950г",124.99,99.99,−20%,с 07 апреля до 04 мая
"Шоколад молочный РИТТЕР СПОРТ, Кокосовая начинка, 100г",149.99,99.99,−33%,с 07 апреля до 04 мая
"БЕКОН ИЗ СВИНИНЫ сырокопченый нарезка (Великолукский МК), 150г",182.69,99.99,−45%,с 13 апреля до 26 апреля
"БЕКОН ИЗ СВИНИНЫ сырокопченый нарезка (Великолукский МК), 150г",182.49,99.99,−45%,с 13 апреля до 26 апреля
"БЕКОН ИЗ СВИНИНЫ сырокопченый нарезка (Великолукский МК), 150г",175.09,99.99,−43%,с 13 апреля до 26 апреля
"Шоколад молочный РИТТЕР СПОРТ, Цельный миндаль, 100г",149.99,99.99,−33%,с 07 апреля до 04 мая
"БЕКОН ИЗ СВИНИНЫ сырокопченый нарезка (Великолукский МК), 150г",181.69,99.99,−45%,с 13 апреля до 26 апреля
"Шоколад молочный РИТТЕР СПОРТ, Цельный миндаль, 100г",149.99,99.99,−33%,с 07 апреля до 04 мая
"Шоколад молочный РИТТЕР СПОРТ, Цельный миндаль, 100г",149.99,99.99,−33%,с 07 апреля до 04 мая
"Печенье ОРЕО, 228г",133.30,99.99,−25%,с 13 апреля до 19 апреля
"Фасоль БОНДЮЭЛЬ, красная, 425мл",119.99,99.99,−17%,с 07 апреля до 04 мая
"Фасоль БОНДЮЭЛЬ, красная, 425мл",119.99,99.99,−17%,с 07 апреля до 04 мая
"БЕКОН ИЗ СВИНИНЫ сырокопченый нарезка (Великолукский МК), 150г",179.89,99.99,−44%,с 13 апреля до 26 апреля
"Напиток сывороточный МАЖИТЭЛЬ Нео папайя-манго-ананас, 950г",124.99,99.99,−20%,с 07 апреля до 04 мая
"Фасоль с грибами СЕМЕЙНЫЕ СЕКРЕТЫ, 530г",120.50,99.99,−17%,с 13 апреля до 19 апреля
"Тарелка обеденная Парма квадратная белый опал, 27см",159.99,99.99,−38%,с 07 апреля до 04 мая
"Соус КИНТО ГЕО, Грузинская кухня, шашлычный, 305г",129.90,99.99,−23%,с 13 апреля до 19 апреля
"Мука УВЕЛКА \\высший сорт, 2кг",119.99,99.99,−17%,с 07 апреля до 04 мая
"Крабовые палочки ВИЧИ, замороженные, 200г",159.99,99.99,−38%,с 13 апреля до 26 апреля
"Крабовые палочки ВИЧИ, замороженные, 200г",159.99,99.99,−38%,с 13 апреля до 26 апреля
"Средство чистящее ТУАЛЕТНЫЙ УТЕНОК для унитаза видимый эффект, 500мл",130.6,99.99,−23%,с 07 апреля до 04 мая
"Уксус СЕН СОЙ рисовый для суши, 220мл",122.99,99.99,−19%,с 13 апреля до 26 апреля
"Уксус СЕН СОЙ рисовый для суши, 220мл",124.99,99.99,−20%,с 13 апреля до 26 апреля
"Уксус СЕН СОЙ рисовый для суши, 220мл",131.99,99.99,−24%,с 13 апреля до 26 апреля
"Пиво FRAU DANKE® светлое фильтрованное 4,5%, 1,35л",115.99,99.99,−14%,с 07 апреля до 04 мая
"Шоколад РИТТЕР СПОРТ тёмный 74% какао, 100г",149.99,99.99,−33%,с 07 апреля до 04 мая
"Шоколад РИТТЕР СПОРТ тёмный 74% какао, 100г",149.99,99.99,−33%,с 07 апреля до 04 мая
"Шоколад РИТТЕР СПОРТ темный с цельным миндалем, 100г",149.99,99.99,−33%,с 07 апреля до 04 мая
"Фасоль с грибами СЕМЕЙНЫЕ СЕКРЕТЫ, 530г",120.50,99.99,−17%,с 13 апреля до 19 апреля
"Напиток сывороточный МАЖИТЭЛЬ НЕО молочный с соком киви и мангостина, 950г",124.99,99.99,−20%,с 07 апреля до 04 мая
"Печенье ОРЕО, Какао-ваниль, двойная начинка, 170г",144.90,99.99,−31%,с 13 апреля до 19 апреля
"Шоколад РИТТЕР СПОРТ тёмный 61% какао, 100г",149.99,99.99,−33%,с 07 апреля до 04 мая
"Шоколад молочный РИТТЕР СПОРТ, Цельный лесной орех, 100г",149.99,99.99,−33%,с 07 апреля до 04 мая
"Шоколад темный РИТТЕР СПОРТ, Цельный лесной орех, 100г",149.99,99.99,−33%,с 07 апреля до 04 мая
"Шоколад темный РИТТЕР СПОРТ, Цельный лесной орех, 100г",149.99,99.99,−33%,с 07 апреля до 04 мая
"Клей Момент Кристалл, 30г",139.99,99.99,−29%,с 07 апреля до 04 мая
"Молочно-соковый напиток МАЖИТЭЛЬ НЭО, Персик-маракуйя, 950г",124.99,99.99,−20%,с 07 апреля до 04 мая
"Клей Момент СУПЕР (Хенкель), 3 г",126.99,99.99,−21%,с 07 апреля до 04 мая
"Напиток молочно-соковый МАЖИТЭЛЬ НЭО, Мультифруктовый, 950г",124.99,99.99,−20%,с 07 апреля до 04 мая
"Молочно-соковый напиток МАЖИТЭЛЬ НЭО, Персик-маракуйя, 950г",124.99,99.99,−20%,с 07 апреля до 04 мая
"Молочно-соковый напиток МАЖИТЭЛЬ НЭО, Персик-маракуйя, 950г",124.99,99.99,−20%,с 07 апреля до 04 мая
"Напиток сывороточный МАЖИТЭЛЬ НЕО молочный с соком киви и мангостина, 950г",124.99,99.99,−20%,с 07 апреля до 04 мая
"Шоколад темный РИТТЕР СПОРТ, Цельный лесной орех, 100г",149.99,99.99,−33%,с 07 апреля до 04 мая
"Шоколад молочный РИТТЕР СПОРТ, Цельный лесной орех, 100г",149.99,99.99,−33%,с 07 апреля до 04 мая
"Шоколад молочный РИТТЕР СПОРТ, Цельный лесной орех, 100г",149.99,99.99,−33%,с 07 апреля до 04 мая
"Крабовые палочки ВИЧИ, замороженные, 200г",169.50,99.99,−41%,с 13 апреля до 19 апреля
"Шоколад белый РИТТЕР СПОРТ, Цельный лесной орех и хлопья, 100г",149.99,99.99,−33%,с 07 апреля до 04 мая
"Чипсы ЛОРЕНЦ НЭЙЧЕРАЛС, со вкусом паприки, 100г",144.99,99.99,−31%,с 07 апреля до 04 мая
"Чипсы ЛОРЕНЦ НЭЙЧЕРАЛС, классические с солью, 100г",144.99,99.99,−31%,с 07 апреля до 04 мая
"Соус КИНТО ГЕО, Грузинская кухня, шашлычный, 305г",123.99,99.99,−19%,с 13 апреля до 26 апреля
"Икра кабачковая УГОЩЕНИЕ СЛАВЯНКИ, 545г",124.99,99.99,−20%,с 07 апреля до 04 мая
"Соус КИНТО ГЕО, Грузинская кухня, шашлычный, 305г",129.99,99.99,−23%,с 13 апреля до 26 апреля
"Риет ПУТИНА из икры трески с томатами и базиликом, 100г",149.99,99.99,−33%,с 07 апреля до 04 мая
"Шоколад РИТТЕР СПОРТ лесной орех, 100г",149.99,99.99,−33%,с 07 апреля до 04 мая
"Риет ПУТИНА из икры трески с томатами и базиликом, 100г",149.99,99.99,−33%,с 07 апреля до 04 мая
"Шоколад белый РИТТЕР СПОРТ, Цельный лесной орех и хлопья, 100г",149.99,99.99,−33%,с 07 апреля до 04 мая
"Картофельные чипсы ЛОРЕНЦ, Нэчералс, с пармезаном, 100г",144.99,99.99,−31%,с 07 апреля до 04 мая
"Сок РИЧ, яблочный, 1л",166.70,99.99,−40%,с 13 апреля до 19 апреля
"Нектар РИЧ, Персиковый, 1л",166.70,99.99,−40%,с 13 апреля до 19 апреля
"Фасоль БОНДЮЭЛЬ, красная, 425мл",119.99,99.99,−17%,с 07 апреля до 04 мая
"Сок РИЧ, Томатный, 1л",166.70,99.99,−40%,с 13 апреля до 19 апреля
"Печенье ОРЕО, Какао-ваниль, двойная начинка, 170г",133.30,99.99,−25%,с 13 апреля до 19 апреля
"Шоколад РИТТЕР СПОРТ молочный 55% какао, 100г",149.99,99.99,−33%,с 07 апреля до 04 мая
"Сыр БЕЛЕБЕЕВСКИЙ Благородный дуэт нарезка 50%, 140г",159.00,105.99,−33%,с 07 апреля до 04 мая
"Сыр БЕЛЕБЕЕВСКИЙ Благородный дуэт нарезка 50%, 140г",159.00,105.99,−33%,с 07 апреля до 04 мая
"Пиво КЛИНСКОЕ, светлое, 4,7%, 1,3л",136.70,107.99,−21%,с 13 апреля до 19 апреля
"Пиво КЛИНСКОЕ, светлое, 4,7%, 1,3л",136.70,107.99,−21%,с 13 апреля до 19 апреля
"Пиво КЛИНСКОЕ светлое 4,7%, 1,3л",137.38,107.99,−21%,с 13 апреля до 26 апреля
"Пиво КЛИНСКОЕ светлое 4,7%, 1,3л",137.38,107.99,−21%,с 13 апреля до 26 апреля
"Пиво КЛИНСКОЕ светлое 4,7%, 1,3л",137.38,107.99,−21%,с 13 апреля до 26 апреля
"Сосиски ДЕТЯМ, (Великолукский МК), 330г",202.29,109.99,−46%,с 13 апреля до 26 апреля
"Мексиканская смесь ВИТАМИН, Свежемороженая, 400г",131.24,109.99,−16%,с 07 апреля до 04 мая
"Сосиски ДЕТЯМ, (Великолукский МК), 330г",202.39,109.99,−46%,с 13 апреля до 26 апреля
"Сыр БЕЛЕБЕЕВСКИЙ Благородный дуэт нарезка 50%, 140г",159.00,109.99,−31%,с 07 апреля до 04 мая
"Сосиски ДЕТЯМ, (Великолукский МК), 330г",199.99,109.99,−45%,с 13 апреля до 26 апреля
"Сосиски ДЕТЯМ, (Великолукский МК), 330г",201.59,109.99,−45%,с 13 апреля до 26 апреля
"Пиво ЛЕВЕНБРАУ Оригинальное светлое пастеризованное 5,4%, 1,3л",155.99,109.99,−29%,с 07 апреля до 04 мая
"Пиво ЛЕВЕНБРАУ Оригинальное светлое пастеризованное 5,4%, 1,3л",155.99,109.99,−29%,с 07 апреля до 04 мая
"Горький шоколад ЭКО БОТАНИКА , с кусочками апельсина и витаминами, 90г",145.96,109.99,−25%,с 07 апреля до 04 мая
"Пиво ЛЕВЕНБРАУ Оригинальное светлое пастеризованное 5,4%, 1,3л",155.99,109.99,−29%,с 07 апреля до 04 мая
"Сосиски ДЕТЯМ, (Великолукский МК), 330г",209.99,109.99,−48%,с 13 апреля до 26 апреля
"Клей Момент®, Супер, гель, 3г",136.99,109.99,−20%,с 07 апреля до 04 мая
"Фасоль ПИКАНТА, По-монастырски, 530г",150.00,113.99,−24%,с 13 апреля до 19 апреля
"Пиво ДУБ И ОБРУЧ Бочковое светлое, 1,5л",146.87,114.99,−22%,с 13 апреля до 26 апреля
"Сыр PARMENTE твердый выдержанный 12месяцев 48%, 1кг",199.99,114.99,−43%,с 07 апреля до 04 мая
"Сыр PARMENTE твердый выдержанный 12месяцев 48%, 1кг",199.99,114.99,−43%,с 07 апреля до 04 мая
"Пиво ДУБ И ОБРУЧ Бочковое светлое, 1,5л",146.87,114.99,−22%,с 13 апреля до 26 апреля
"Соус КИНТО, Ткемали классический, 300г",159.99,119.00,−26%,с 07 апреля до 04 мая
"Пиво ОХОТА Крепкое светлое фильтрованное 8,1%, 1,25л",143.99,119.99,−17%,с 07 апреля до 04 мая
"Маслины БОНДЮЭЛЬ, Без косточек, 300г1000204821",149.99,119.99,−20%,с 07 апреля до 04 мая
"Лазанья ЗОЛОТОЙ ПЕТУШОК, мясная, 370г",169.00,119.99,−29%,с 13 апреля до 19 апреля
"Маслины БОНДЮЭЛЬ, Без косточек, 300г1000204821",149.99,119.99,−20%,с 07 апреля до 04 мая
"Маслины БОНДЮЭЛЬ, Без косточек, 300г1000204821",149.99,119.99,−20%,с 07 апреля до 04 мая
"Риет ПУТИНА из икры трески с томатами и базиликом, 100г",149.99,119.99,−20%,с 07 апреля до 04 мая
"Печенье МИЛКА Чоко Куки, 168г",178.99,119.99,−33%,с 07 апреля до 04 мая
"Печенье МИЛКА Чоко Куки, 168г",181.99,119.99,−34%,с 07 апреля до 04 мая
"Печенье МИЛКА, с овсяными хлопьями в молочном шоколаде, 168г",166.99,119.99,−28%,с 07 апреля до 04 мая
"Печенье МИЛКА Чоко Му, 200г",163.99,119.99,−27%,с 07 апреля до 04 мая
"Печенье МИЛКА Чоко Му, 200г",166.99,119.99,−28%,с 07 апреля до 04 мая
"Майонез Я ЛЮБЛЮ ГОТОВИТЬ Классический 67%, 700мл",183.99,119.99,−35%,с 07 апреля до 04 мая
"Майонез Я ЛЮБЛЮ ГОТОВИТЬ Классический 67%, 700мл",183.99,119.99,−35%,с 07 апреля до 04 мая
"Икра масаго ПУТИНА оранжевая, 45г",149.99,119.99,−20%,с 07 апреля до 04 мая
"Икра масаго ПУТИНА оранжевая, 45г",149.99,119.99,−20%,с 07 апреля до 04 мая
"Печенье МИЛКА Чоко Куки, 168г",184.99,119.99,−35%,с 07 апреля до 04 мая
"Печенье МИЛКА, с овсяными хлопьями в молочном шоколаде, 168г",163.99,119.99,−27%,с 07 апреля до 04 мая
"Оливки БОНДЮЭЛЬ, с косточкой, 300г",139.99,119.99,−14%,с 07 апреля до 04 мая
"Оливки БОНДЮЭЛЬ, Без косточек, 300г",149.99,119.99,−20%,с 07 апреля до 04 мая
"Оливки БОНДЮЭЛЬ, Без косточек, 300г",149.99,119.99,−20%,с 07 апреля до 04 мая
"Оливки БОНДЮЭЛЬ, Без косточек, 300г",149.99,119.99,−20%,с 07 апреля до 04 мая
"Макаронные изделия СЭН СОЙ лапша рисовая и китайский соус Вок, 125г",152.99,119.99,−22%,с 13 апреля до 26 апреля
"Макаронные изделия СЭН СОЙ лапша рисовая и китайский соус Вок, 125г",154.99,119.99,−23%,с 13 апреля до 26 апреля
"Риет ПУТИНА с крабом, 100г",179.99,119.99,−33%,с 07 апреля до 04 мая
"Риет ПУТИНА с крабом, 100г",179.99,119.99,−33%,с 07 апреля до 04 мая
"Оливки БОНДЮЭЛЬ, с косточкой, 300г",149.99,119.99,−20%,с 07 апреля до 04 мая
"Пирог песочный LUCKY DAYS®, с черничным джемом, 430г",149.99,124.99,−17%,с 07 апреля до 04 мая
"Конфеты ТОФФИФИ, Шоколадные, 125г",227.30,124.99,−45%,с 13 апреля до 19 апреля
"Конфеты ТОФФИФИ, Шоколадные, 125г",181.10,124.99,−31%,с 13 апреля до 19 апреля
"Пирожное МИЛКА Софт&Чок, 175г",163.99,124.99,−24%,с 07 апреля до 04 мая
"Колбаса МОЛОЧНАЯ, вязанка, мини (Стародворские колбасы), 500г",260.40,124.99,−52%,с 13 апреля до 19 апреля
"Пирожное МИЛКА Софт&Чок, 175г",161.99,124.99,−23%,с 07 апреля до 04 мая
"Пирожное МИЛКА Софт&Чок, 175г",179.99,124.99,−31%,с 07 апреля до 04 мая
"Вафельный торт КОРОВКА, топленое молоко, 200г",145.71,124.99,−14%,с 07 апреля до 04 мая
"Каша ХАЙНЦ молочная 5 Злаков-банан-яблоко омега 3, 200г",185.99,129.99,−30%,с 13 апреля до 26 апреля
"Каша ХАЙНЦ молочная 5 Злаков-банан-яблоко омега 3, 200г",185.99,129.99,−30%,с 13 апреля до 26 апреля
"Каша ХАЙНЦ молочная пшеничная с тыквой и омега3, 200г",185.99,129.99,−30%,с 13 апреля до 26 апреля
"Каша ХАЙНЦ молочная пшеничная с тыквой и омега3, 200г",185.99,129.99,−30%,с 13 апреля до 26 апреля
"Каша ХАЙНЦ молочная овсяная персик, 200г",185.99,129.99,−30%,с 13 апреля до 26 апреля
"Колбаса ЧЕСНОЧНАЯ, полукопченая (ОМПК), 420г",288.90,129.99,−55%,с 13 апреля до 19 апреля
"Каша ХАЙНЦ молочная овсяная персик, 200г",185.99,129.99,−30%,с 13 апреля до 26 апреля
"Каша ХАЙНЦ Лакомая молочная рисовая абрикос-чернослив, 170г",185.99,129.99,−30%,с 13 апреля до 26 апреля
"Каша ХАЙНЦ Лакомая молочная рисовая абрикос-чернослив, 170г",185.99,129.99,−30%,с 13 апреля до 26 апреля
"Каша ХАЙНЦ Лакомая молочная многозерновая яблоко-вишня, 170г",185.99,129.99,−30%,с 13 апреля до 26 апреля
"Каша ХАЙНЦ Лакомая молочная многозерновая яблоко-вишня, 170г",185.99,129.99,−30%,с 13 апреля до 26 апреля
"Каша ХАЙНЦ Лакомая молочная овсяная банан-яблоко-земляника, 170г",185.99,129.99,−30%,с 13 апреля до 26 апреля
"Каша ХАЙНЦ Лакомая молочная овсяная банан-яблоко-земляника, 170г",185.99,129.99,−30%,с 13 апреля до 26 апреля
"Томаты ДЯДЯ ВАНЯ, маринованные, 680г",152.90,129.99,−15%,с 13 апреля до 19 апреля
"Таблетки для унитаза BREF®, Актив Гигиена, 2",194.00,129.99,−33%,с 13 апреля до 19 апреля
"Колбаса ЧЕСНОЧНАЯ, полукопченая (ОМПК), 420г",288.90,129.99,−55%,с 13 апреля до 19 апреля
"Макаронные изделия СЭН СОЙ лапша рисовая и китайский соус Вок, 125г",159.99,129.99,−19%,с 13 апреля до 26 апреля
"Мука пшеничная ФРАНЦУЗСКАЯ ШТУЧКА, Экстра, 2кг",156.60,129.99,−17%,с 13 апреля до 19 апреля
"Пюре ГЕРБЕР, кролик-брокколи, 190г",155.99,129.99,−17%,с 07 апреля до 04 мая
"Блок туалетный BREF®, Синяя вода, 50г",242.02,129.99,−46%,с 07 апреля до 04 мая
"Пюре ГЕРБЕР, кролик-брокколи, 190г",155.99,129.99,−17%,с 07 апреля до 04 мая
"Лосьон FORX MEN CARE после бритья Охлаждающий, 100мл",239.99,129.99,−46%,с 07 апреля до 04 мая
"Пюре ГЕРБЕР, овощи с фрикадельками из говядины, 190г",155.99,129.99,−17%,с 07 апреля до 04 мая
"Лосьон FORX MEN CARE после бритья Освежающий, 100мл",239.99,129.99,−46%,с 07 апреля до 04 мая
"Каперсы ИБЕРИКА, 100г",169.99,129.99,−24%,с 07 апреля до 04 мая
"Ополаскиватель для  полости рта LISTERINE®, Total Care, 250мл",209.99,129.99,−38%,с 07 апреля до 04 мая
"Пюре ГЕРБЕР, овощи с фрикадельками из говядины, 190г",155.99,129.99,−17%,с 07 апреля до 04 мая
"Каперсы ИБЕРИКА, 100г",169.99,129.99,−24%,с 07 апреля до 04 мая
"Средство для мытья посуды и игрушек SYNERGETIC®, лимон-яблоко-алоэ, 500мл",179.04,129.99,−27%,с 07 апреля до 04 мая
"ШПРОТЫ КРУПНЫЕ в масле (Балт Ост), 240г",174.99,134.99,−23%,с 07 апреля до 04 мая
"Пюре ГЕРБЕР, кролик-брокколи, 190г",155.99,134.99,−13%,с 07 апреля до 04 мая
"Лапша СЭН СОЙ Харусаме Вок бобовая для обжаривания, 150г",162.99,134.99,−17%,с 13 апреля до 26 апреля
"Лапша СЭН СОЙ Харусаме Вок бобовая для обжаривания, 150г",171.99,134.99,−22%,с 13 апреля до 26 апреля
"Сыр БРЕСТ-ЛИТОВСК Финский 45%, 200г",207.70,134.99,−35%,с 13 апреля до 19 апреля
"Сыр БРЕСТ-ЛИТОВСК Финский 45%, 200г",207.70,134.99,−35%,с 13 апреля до 19 апреля
"Пюре ГЕРБЕР, овощи с фрикадельками из говядины, 190г",155.99,134.99,−13%,с 07 апреля до 04 мая
"Каша ХАЙНЦ молочная 5 Злаков-банан-яблоко омега 3, 200г",189.99,136.99,−28%,с 13 апреля до 26 апреля
"Каша ХАЙНЦ Лакомая молочная многозерновая банан-малина, 170г",189.99,136.99,−28%,с 13 апреля до 26 апреля
"Каша ХАЙНЦ Лакомая молочная овсяная банан-яблоко-земляника, 170г",189.99,136.99,−28%,с 13 апреля до 26 апреля
"Каша ХАЙНЦ Лакомая молочная многозерновая яблоко-вишня, 170г",189.99,136.99,−28%,с 13 апреля до 26 апреля
"Каша ХАЙНЦ молочная пшеничная с тыквой и омега3, 200г",189.99,136.99,−28%,с 13 апреля до 26 апреля
"Каша ХАЙНЦ молочная овсяная персик, 200г",189.99,136.99,−28%,с 13 апреля до 26 апреля
"Сервелат РОССИЙСКИЙ, (ОМПК), 420г",292.89,137.99,−53%,с 13 апреля до 26 апреля
"Сервелат РОССИЙСКИЙ, (ОМПК), 420г",291.59,137.99,−53%,с 13 апреля до 26 апреля
"Сервелат РОССИЙСКИЙ, (ОМПК), 420г",292.69,137.99,−53%,с 13 апреля до 26 апреля
"Сервелат РОССИЙСКИЙ, (ОМПК), 420г",289.99,137.99,−52%,с 13 апреля до 26 апреля
"Сервелат РОССИЙСКИЙ, (ОМПК), 420г",279.99,137.99,−51%,с 13 апреля до 26 апреля
"Средство для мытья окон КЛИН, 500мл",281.28,139.99,−50%,с 07 апреля до 04 мая
"Тунец МАГУРО филе в масле, 170г",199.99,139.99,−30%,с 07 апреля до 04 мая
"Риет МЕРИДИАН, из тунца, 100г",174.20,139.99,−20%,с 13 апреля до 19 апреля
"Ошейник репеллентный для Миссис Кисс, 38см",189.99,139.99,−26%,с 07 апреля до 04 мая
"Корнишоны ДЯДЯ ВАНЯ, По-французски, 3-6см, 460г",169.99,139.99,−18%,с 07 апреля до 04 мая
"Крем-мыло ТАЕЖНЫЙ ТРАВНИК для бани и душа Таежный мед, 500мл",264.73,139.99,−47%,с 07 апреля до 04 мая
"Средство для мытья окон КЛИН, 500мл",263.25,139.99,−47%,с 07 апреля до 04 мая
"Наполнитель для туалета домашних животных TAFI® комкающийся, 5кг",179.99,139.99,−22%,с 07 апреля до 04 мая
"Средство для мытья окон КЛИН, 500мл",263.25,139.99,−47%,с 07 апреля до 04 мая
"Гель для душа NIVEA®, Молоко/Абрикос, 250мл",182.04,139.99,−23%,с 07 апреля до 04 мая
"Гель для душа NIVEA®, Молоко/Абрикос, 250мл",182.04,139.99,−23%,с 07 апреля до 04 мая
"Зефир СЕМЕЙНЫЕ СЕКРЕТЫ Антоновка, 250г",185.80,144.90,−22%,с 13 апреля до 19 апреля
"Зефир СЕМЕЙНЫЕ СЕКРЕТЫ Антоновка, 250г",185.80,144.90,−22%,с 13 апреля до 19 апреля
"Конфеты МИШКА КОСОЛАПЫЙ, красный октябрь, 200г",291.98,144.99,−50%,с 07 апреля до 04 мая
"Мороженое 48 КОПЕЕК брикет пломбир, 210г",200.00,149.99,−25%,с 13 апреля до 03 мая
"Гель для чистки унитаза BREF®, Тотал, Блеск цветов, 700мл",217.40,149.99,−31%,с 13 апреля до 19 апреля
"Мороженое 48 КОПЕЕК брикет пломбир, 210г",200.00,149.99,−25%,с 13 апреля до 03 мая
"Мороженое 48 КОПЕЕК брикет пломбир, 210г",200.00,149.99,−25%,с 13 апреля до 03 мая
"Аккумулятор холода, 800мл",199.99,149.99,−25%,с 07 апреля до 04 мая
"Конфеты РОДНЫЕ ПРОСТОРЫ, с вафельной крошкой, 200г",333.30,149.99,−55%,с 13 апреля до 19 апреля
Какао NESQUIK® 250г,169.99,149.99,−12%,с 07 апреля до 04 мая
"Конфеты РОДНЫЕ ПРОСТОРЫ, с вафельной крошкой, 200г",306.10,149.99,−51%,с 13 апреля до 19 апреля
"Набор конфет РОДНЫЕ ПРОСТОРЫ, с фундуком, 200г",306.10,149.99,−51%,с 13 апреля до 19 апреля
"Набор конфет РОДНЫЕ ПРОСТОРЫ, с фундуком, 200г",272.70,149.99,−45%,с 13 апреля до 19 апреля
"Мюсли ЭМКО, Хрустящие, шоколад и орех, 375г",192.99,154.99,−20%,с 13 апреля до 26 апреля
"Сосиски МОЛОЧНЫЕ, Вязанка (Стародворские колбасы), 450г",244.99,155.99,−36%,с 13 апреля до 26 апреля
"Сосиски МОЛОЧНЫЕ, Вязанка (Стародворские колбасы), 450г",242.59,155.99,−36%,с 13 апреля до 26 апреля
"Сосиски МОЛОЧНЫЕ, Вязанка (Стародворские колбасы), 450г",243.89,155.99,−36%,с 13 апреля до 26 апреля
"Сосиски МОЛОЧНЫЕ, Вязанка (Стародворские колбасы), 450г",230.49,155.99,−32%,с 13 апреля до 26 апреля
"Сосиски МОЛОЧНЫЕ, Вязанка (Стародворские колбасы), 450г",249.99,155.99,−38%,с 13 апреля до 26 апреля
"Сосиски МОЛОЧНЫЕ, Вязанка (Стародворские колбасы), 450г",249.99,155.99,−38%,с 13 апреля до 26 апреля
"Дезодорант-спрей NIVEA®, Клиар, Невидимая защита для черного/белого, 150мл",199.99,159.99,−20%,с 07 апреля до 04 мая
"Дезодорант-спрей NIVEA®, Клиар, Невидимая защита для черного/белого, 150мл",199.99,159.99,−20%,с 07 апреля до 04 мая
"Дезодорант-спрей NIVEA®, Невидимая защита черного/белого Пьюр, 150мл",199.99,159.99,−20%,с 07 апреля до 04 мая
"Дезодорант-спрей NIVEA®, Невидимая защита черного/белого Пьюр, 150мл",199.99,159.99,−20%,с 07 апреля до 04 мая
"Антиперспирант-спрей NIVEA® Лов би Юник Яркая свежесть, 150мл",199.99,159.99,−20%,с 07 апреля до 04 мая
"Каша НЕСТЛЕ молочная мультизлаковая яблоко-черника-малина, 220г",189.99,159.99,−16%,с 07 апреля до 04 мая
"Каша НЕСТЛЕ молочная мультизлаковая яблоко-черника-малина, 220г",189.99,159.99,−16%,с 07 апреля до 04 мая
"Каша НЕСТЛЕ молочная мультизлаковая яблоко-банан, 220г",189.99,159.99,−16%,с 07 апреля до 04 мая
"Мёд натуральный СОКРОВЕННЫЙ УЛЬЕГРАД, цветочный таёжный, 350г",209.99,159.99,−24%,с 07 апреля до 04 мая
"Антиперспирант-спрей NIVEA® Лов би Юник Яркая свежесть, 150мл",199.99,159.99,−20%,с 07 апреля до 04 мая
"Каша НЕСТЛЕ молочная мультизлаковая яблоко-банан, 220г",189.99,159.99,−16%,с 07 апреля до 04 мая
"Дезодорант-спрей NIVEA®, Жемчужная красота, 150мл",199.99,159.99,−20%,с 07 апреля до 04 мая
"Ополаскиватель для полости рта СПЛАТ Отбеливание плюс, 275мл",226.99,159.99,−30%,с 07 апреля до 04 мая
"Каша НЕСТЛЕ молочная овсяная груша-банан, 220г",189.99,159.99,−16%,с 07 апреля до 04 мая
"Каша НЕСТЛЕ молочная овсяная груша-банан, 220г",189.99,159.99,−16%,с 07 апреля до 04 мая
"Средство для мытья стекол МИСТЕР МУСКУЛ, с нашатырным спиртом, 500мл",252.00,159.99,−37%,с 07 апреля до 04 мая
"ПТИЧЬЕ МОЛОКО сливочно-ванильное (РотФронт), 200г",249.99,159.99,−36%,с 07 апреля до 04 мая
"Дезодорант-спрей NIVEA®, Жемчужная красота, 150мл",199.99,159.99,−20%,с 07 апреля до 04 мая
"Ополаскиватель для полости рта СПЛАТ Отбеливание плюс, 275мл",226.99,159.99,−30%,с 07 апреля до 04 мая
"Чай черный МАЙСКИЙ, Корона Российской Империи, 100 пакетиков",271.77,159.99,−41%,с 07 апреля до 04 мая
"Каша НЕСТЛЕ молочная пшеничная земляника-яблоко, 220г",189.99,164.99,−13%,с 07 апреля до 04 мая
"Каша НЕСТЛЕ молочная овсяная груша-банан, 220г",189.99,164.99,−13%,с 07 апреля до 04 мая
"Торт вафельный ШОКОЛАДНИЦА, с фундуком, 270г",226.00,164.99,−27%,с 13 апреля до 19 апреля
"Филе-стейк МИРАТОРГ охлажденный, 300г",189.99,164.99,−13%,с 07 апреля до 04 мая
"Филе-стейк МИРАТОРГ охлажденный, 300г",189.99,164.99,−13%,с 07 апреля до 04 мая
"Каша НЕСТЛЕ молочная мультизлаковая яблоко-банан, 220г",189.99,164.99,−13%,с 07 апреля до 04 мая
"Напиток ЛЮБИМЫЙ Тропический микс, 1,93л",203.70,164.99,−19%,с 13 апреля до 19 апреля
"Нектар ЛЮБИМЫЙ, Яблоко/персик/нектарин, 1,93л",203.70,164.99,−19%,с 13 апреля до 19 апреля
"Напиток ЛЮБИМЫЙ Тропический микс, 1,93л",203.70,164.99,−19%,с 13 апреля до 19 апреля
"Напиток ЛЮБИМЫЙ, Яблоко-вишня-черешня, 1,93л",203.70,164.99,−19%,с 13 апреля до 19 апреля
"Напиток ЛЮБИМЫЙ, Виноградный дуэт, 1,93л",203.70,164.99,−19%,с 13 апреля до 19 апреля
"Напиток ЛЮБИМЫЙ, Виноградный дуэт, 1,93л",203.70,164.99,−19%,с 13 апреля до 19 апреля
"Торт вафельный ШОКОЛАДНИЦА, с фундуком, 270г",226.00,164.99,−27%,с 13 апреля до 19 апреля
EMCO Мюсли хрустящие с кусоч фруктов 375г к/кор (Эмко) :14,209.99,169.99,−19%,с 13 апреля до 26 апреля
"Паста зубная СПЛАТ, Ликвум-гель, 100мл",251.99,169.99,−33%,с 07 апреля до 04 мая
"Паста зубная СПЛАТ, Ликвум-гель, 100мл",251.99,169.99,−33%,с 07 апреля до 04 мая
"Карамель БОН ПАРИ, Ассорти, 500г",334.99,169.99,−49%,с 07 апреля до 04 мая
"Кондиционер для белья Е® Свежий, 2л",237.7,169.99,−28%,с 07 апреля до 04 мая
SPLAT Professional Ultra Complete з/щетка средняя :12,260.32,174.99,−33%,с 07 апреля до 04 мая
"Щетка зубная СПЛАТ, Профешнл сенситив средней жесткости",261.72,174.99,−33%,с 07 апреля до 04 мая
"Щетка зубная СПЛАТ, Профешнл сенситив средней жесткости",261.72,174.99,−33%,с 07 апреля до 04 мая
"Сосиски КОРОВИНО, Молочные традиционные, мини (ОМПК), 600г",253.69,179.99,−29%,с 13 апреля до 26 апреля
"Сосиски КОРОВИНО, Молочные традиционные, мини (ОМПК), 600г",264.39,179.99,−32%,с 13 апреля до 26 апреля
"Сосиски КОРОВИНО, Молочные традиционные, мини (ОМПК), 600г",262.69,179.99,−31%,с 13 апреля до 26 апреля
"Сосиски КОРОВИНО, Молочные традиционные, мини (ОМПК), 600г",264.29,179.99,−32%,с 13 апреля до 26 апреля
"Крем для лица NIVEA®, Кэа, увлажняющий, 100мл",282.99,179.99,−36%,с 07 апреля до 04 мая
"Сосиски КОРОВИНО, Молочные традиционные, мини (ОМПК), 600г",269.99,179.99,−33%,с 13 апреля до 26 апреля
"Сосиски КОРОВИНО, Молочные традиционные, мини (ОМПК), 600г",259.99,179.99,−31%,с 13 апреля до 26 апреля
"Плодовая продукция ГРАНАТОВАЯ, красное, полусладкое, 0,75 л",209.30,179.99,−14%,с 13 апреля до 19 апреля
"Плодовая продукция ГРАНАТОВАЯ, красное, полусладкое, 0,75 л",209.30,179.99,−14%,с 13 апреля до 19 апреля
"Дезодорант NIVEA®, шариковый Невидимый для черного и белого, 50мл",279.99,184.99,−34%,с 07 апреля до 04 мая
"Бальзам для волос GLISS KUR® Аква Миракл, 360мл",279.99,189.99,−32%,с 10 марта до 04 мая
"Торт вафельный ШОКОЛАДНИЦА, с арахисом, 430г",279.99,189.99,−32%,с 07 апреля до 04 мая
"Варенье РАТИБОР клубника, 360г",229.99,189.99,−17%,с 07 апреля до 04 мая
"Батарейки Energizer, Макс, АА, 4 шт.",269.99,189.99,−30%,с 07 апреля до 04 мая
"Батарейки Energizer, Макс, ААА, 4 шт.",269.99,189.99,−30%,с 07 апреля до 04 мая
"Шампунь и бальзам SEBOCELIN Гиалурон 2в1 Питание и восстановление, 400мл",305.73,199.99,−35%,с 07 апреля до 04 мая
"Шампунь GLISS KUR® Ойл Нутритив, 400мл",298.50,199.99,−33%,с 13 апреля до 19 апреля
"Шампунь GLISS KUR®, Экстремальные восстановление, 400мл",298.50,199.99,−33%,с 13 апреля до 19 апреля
"Шампунь GLISS KUR®, Жидкий Шелк, 400мл",298.50,199.99,−33%,с 13 апреля до 19 апреля
"Бальзам для волос GLISS KUR® Экстремальное восстановление, 400мл",298.50,199.99,−33%,с 13 апреля до 19 апреля
"Бальзам для волос GLISS KUR® Жидкий шелк, 400мл",298.50,199.99,−33%,с 13 апреля до 19 апреля
"Бальзам для волос GLISS KUR® Ойл Нутритив, 400мл",298.50,199.99,−33%,с 13 апреля до 19 апреля
"Гель-уход для душа NIVEA® Крем и кокос, 500мл",289.99,199.99,−31%,с 10 марта до 04 мая
"Салатник Парма, квадратный, белый опал, 24 см",349.99,199.99,−43%,с 07 апреля до 04 мая
"Шампунь и бальзам SEBOCELIN Гиалурон 2в1 Объем и сияние, 400мл",305.73,199.99,−35%,с 07 апреля до 04 мая
Игра Поймай мяч на липучке,299.99,199.99,−33%,с 07 апреля до 04 мая
"Шампунь и бальзам SEBOCELIN Гиалурон 2в1 Укрепление и рост, 400мл",305.73,199.99,−35%,с 07 апреля до 04 мая
"Кофе NESCAFE® Классик Дарк Роаст растворимый, 85г",229.99,199.99,−13%,с 07 апреля до 04 мая
"Вино КАНОНИЧЕСКИЕ ТРАДИЦИИ красное сладкое, 0,7л",280.00,209.99,−25%,с 13 апреля до 19 апреля
"Мюсли хрустящие ЭМКО, с клубникой и миндалем, 750г",269.99,209.99,−22%,с 13 апреля до 26 апреля
"Вино КАНОНИЧЕСКИЕ ТРАДИЦИИ красное сладкое, 0,7л",280.00,209.99,−25%,с 13 апреля до 19 апреля
"Кофе ФРЕСКО ДОППИО, растворимый, сублимированный, 100г",369.99,219.99,−41%,с 07 апреля до 04 мая
"Чистящее средство CILLIT BANG®, от налета и грязи с курком, 750мл",343.27,219.99,−36%,с 07 апреля до 04 мая
"Ополаскиватель для белья VERNEL® Пион и белый чай, 1,82л",397.81,219.99,−45%,с 07 апреля до 04 мая
"Кондиционер для белья VERNEL® Суприм Плежа, 1,2л",406.24,219.99,−46%,с 07 апреля до 04 мая
"Свинина тушеная ВЕЛИКОЛУКСКИЙ МК, 500г",329.99,219.99,−33%,с 07 апреля до 04 мая
"Кофе ФРЕСКО АРАБИКА БЛЕНД, растворимый, сублимированный, 100г",369.99,219.99,−41%,с 07 апреля до 04 мая
"Паста зубная РОКС, для удаления налета от кофе и табака, 74г",334.2,229.99,−31%,с 07 апреля до 04 мая
"Кофе ФРЕСКО Арабика молотый, 200г",299.99,229.99,−23%,с 07 апреля до 04 мая
"Икра сельди ПУТИНА ястычная в горчичной заливке, 160г",289.99,229.99,−21%,с 07 апреля до 04 мая
"Икра сельди ПУТИНА ястычная в горчичной заливке, 160г",289.99,229.99,−21%,с 07 апреля до 04 мая
"Паста зубная РОКС, для удаления налета от кофе и табака, 74г",334.2,229.99,−31%,с 07 апреля до 04 мая
"Вино ХАЗАРСКОЕ Саперави красное сухое, 0,75л",279.00,229.99,−18%,с 07 апреля до 04 мая
"Кофе ФРЕСКО Арабика в зернах, 200г",299.99,229.99,−23%,с 07 апреля до 04 мая
"Настойка сладкая ДОКТОР АВГУСТ, Северная клюква, 20%, 0,5л",259.99,229.99,−12%,с 07 апреля до 04 мая
"Икра сельди ПУТИНА ястычная в масле с укропом и луком, 160г",289.99,229.99,−21%,с 07 апреля до 04 мая
"Икра сельди ПУТИНА ястычная в масле с укропом и луком, 160г",289.99,229.99,−21%,с 07 апреля до 04 мая
"Капсулы для стирки LOSK® Дуо-капс Колор, 12шт.",433.90,229.99,−47%,с 13 апреля до 19 апреля
"Завтрак готовый КОСМОСТАРС медовый, 600г",332.99,239.99,−28%,с 07 апреля до 04 мая
"Набор конфет КОМИЛЬФО, Фисташки, 116г",428.60,239.99,−44%,с 13 апреля до 19 апреля
"Черное мыло для бани РЕЦЕПТЫ БАБАШКИ АГАФЬИ, 500мл",329.99,239.99,−27%,с 07 апреля до 04 мая
"Черное мыло для бани РЕЦЕПТЫ БАБАШКИ АГАФЬИ, 500мл",340.67,239.99,−30%,с 07 апреля до 04 мая
"Черное мыло для бани РЕЦЕПТЫ БАБАШКИ АГАФЬИ, 500мл",340.67,239.99,−30%,с 07 апреля до 04 мая
"Шампунь SYOSS®, Глоссинг эффект ламинирования, 500мл",309.99,239.99,−23%,с 07 апреля до 04 мая
"Набор конфет КОМИЛЬФО, Фисташки, 116г",369.20,239.99,−35%,с 13 апреля до 19 апреля
"Бальзам для волос SYOSS®, Глоссing для тусклых волос с эффектом ламинирования, 500мл",309.99,239.99,−23%,с 07 апреля до 04 мая
"Бальзам для волос SYOSS®, Объем для тонких ослабленных волос, 500мл",309.99,239.99,−23%,с 07 апреля до 04 мая
"Шампунь SYOSS®, Пауэр&Стренс, мужской, 500мл",309.99,239.99,−23%,с 07 апреля до 04 мая
"Шампунь SYOSS®, Объем для тонких и ослабленных волос, 500мл",309.99,239.99,−23%,с 07 апреля до 04 мая
"Конфитюр ЦУЕГГ, Экстра инжир, 330г",294.99,249.99,−15%,с 07 апреля до 04 мая
"Вино ПРАВОСЛАВНОЕ сладкое красное, 0,7л",339.00,249.99,−26%,с 07 апреля до 04 мая
"Вино ПРАВОСЛАВНОЕ сладкое красное, 0,7л",339.00,249.99,−26%,с 07 апреля до 04 мая
"Вино ПРАВОСЛАВНОЕ сладкое красное, 0,7л",339.00,249.99,−26%,с 07 апреля до 04 мая
"Конфитюр ЦУЕГГ экстра Малина, 320г",294.99,249.99,−15%,с 07 апреля до 04 мая
"Чай чёрный RICHARD, Earl Grey, Ричард эрл грей, цейлонский с ароматом бергамота, 100пакетиков",319.99,249.99,−22%,с 07 апреля до 04 мая
"Чай чёрный RICHARD, Earl Grey, Ричард эрл грей, цейлонский с ароматом бергамота, 100пакетиков",435.45,249.99,−43%,с 07 апреля до 04 мая
"Каперсы ИБЕРИКА, 250г",399.99,249.99,−38%,с 07 апреля до 04 мая
"Каперсы ИБЕРИКА, 250г",399.99,249.99,−38%,с 07 апреля до 04 мая
"Вино ПРАВОСЛАВНОЕ сладкое красное, 0,7л",339.00,249.99,−26%,с 07 апреля до 04 мая
"Чай чёрный RICHARD, Earl Grey, Ричард эрл грей, цейлонский с ароматом бергамота, 100пакетиков",319.99,249.99,−22%,с 07 апреля до 04 мая
"Конфитюр ЦУЕГГ, Груша Вильямс, 320г",294.99,249.99,−15%,с 07 апреля до 04 мая
"Пельмени SИБИРСКАЯ КОЛЛЕКЦИЯ куриные в сливочном соусе, 700г",586.59,259.99,−56%,с 07 апреля до 04 мая
"Пельмени SИБИРСКАЯ КОЛЛЕКЦИЯ куриные в сливочном соусе, 700г",586.59,259.99,−56%,с 07 апреля до 04 мая
"Паста зубная РОКС, Отбеливающая, 74г",366.45,259.99,−29%,с 07 апреля до 04 мая
"Паста зубная РОКС, Отбеливающая, 74г",366.45,259.99,−29%,с 07 апреля до 04 мая
"Пельмени SИБИРСКАЯ КОЛЛЕКЦИЯ куриные в сливочном соусе, 700г",586.59,259.99,−56%,с 07 апреля до 04 мая
"Пельмени SИБИРСКАЯ КОЛЛЕКЦИЯ куриные в сливочном соусе, 700г",586.59,259.99,−56%,с 07 апреля до 04 мая
"Средство для стирки ЛАСКА, Сияние черного, 1л",423.92,259.99,−39%,с 07 апреля до 04 мая
"Пельмени SИБИРСКАЯ КОЛЛЕКЦИЯ куриные в сливочном соусе, 700г",586.59,259.99,−56%,с 07 апреля до 04 мая
"Пельмени SИБИРСКАЯ КОЛЛЕКЦИЯ куриные в сливочном соусе, 700г",586.59,259.99,−56%,с 07 апреля до 04 мая
"Гель для душа FA®, Йогурт с алоэ вера, 750мл",349.99,259.99,−26%,с 07 апреля до 04 мая
"Гель для стирки ЛАСКА, Уход/восстановление, 1л",424.65,259.99,−39%,с 07 апреля до 04 мая
"Гель для стирки LOSK®, Автомат, колор, 1,46л",432.91,259.99,−40%,с 07 апреля до 04 мая
"Гель для стирки LOSK®, автомат, Горное озеро, 1,46л",434.26,259.99,−40%,с 07 апреля до 04 мая
"Средство для стирки ЛАСКА, Сияние цвета, 1л",424.19,259.99,−39%,с 07 апреля до 04 мая
"Средство для стирки ЛАСКА, Шерсть и шелк, 1л",422.3,259.99,−38%,с 07 апреля до 04 мая
"Печень трески натуральная БОСКО-МОРЕПРОДУКТ, 230г",301.10,264.99,−12%,с 13 апреля до 19 апреля
"Средство для интимной гигиены ЛАКТАЦИД, 200мл",382.54,269.99,−29%,с 13 апреля до 26 апреля
"Средство для интимной гигиены ЛАКТАЦИД, 200мл",382.54,269.99,−29%,с 13 апреля до 26 апреля
"Ассорти ДЯДЯ ВАНЯ, Огурцы/томаты, 1,8кг",399.99,269.99,−33%,с 07 апреля до 04 мая
"Средство для интимной гигиены ЛАКТАЦИД, для чувствительной кожи, 200мл",381.88,269.99,−29%,с 13 апреля до 26 апреля
"Средство для интимной гигиены ЛАКТАЦИД, для чувствительной кожи, 200мл",381.88,269.99,−29%,с 13 апреля до 26 апреля
"Пельмени МИРАТОРГ, Домашние, со свининой, 800г",541.87,269.99,−50%,с 07 апреля до 04 мая
"Ассорти ДЯДЯ ВАНЯ, Огурцы/томаты, 1,8кг",399.99,269.99,−33%,с 07 апреля до 04 мая
"Гель для стирки LOSK®, автомат, Горное озеро, 1,46л",421.90,269.99,−36%,с 13 апреля до 19 апреля
"Вино ЮЖНЫЙ БЕРЕГ Ласпи красное полусладкое, 0,75л",319.00,269.99,−15%,с 07 апреля до 04 мая
"Кофе МИЛАГРО Голд Роаст растворимый сублимированный средней обжарки, 95г",448.30,274.99,−39%,с 13 апреля до 19 апреля
"Кофе LAVAZZA, Crema e Gusto, Лавацца Крема э густо Молотый, 250г",345.70,279.99,−19%,с 13 апреля до 19 апреля
"Водка ГРАФ ЛЕДОФФ, Лайт гуала, 40%, 0,5л",356.80,289.00,−19%,с 13 апреля до 19 апреля
"Водка особая GRAF LEDOFF Lemon 40% 0,5л(Татспиртпром):20",356.80,289.00,−19%,с 13 апреля до 19 апреля
"Средство для интимной гигиены ЛАКТАЦИД, 200мл",369.99,289.99,−22%,с 13 апреля до 26 апреля
"Конфеты ВДОХНОВЕНИЕ (КК Бабаевский), 215г",509.99,289.99,−43%,с 07 апреля до 04 мая
"Кофе LAVAZZA, Crema e Gusto, Лавацца Крема э густо Молотый, 250г",356.20,289.99,−19%,с 13 апреля до 19 апреля
"Масло JOHNSON’S® BABY®, 200мл",349.99,289.99,−17%,с 07 апреля до 04 мая
"Водка ПЯТЬ ОЗЕР, 40%, 0,5л",349.99,289.99,−17%,с 07 апреля до 04 мая
"Томаты маринованные ДЯДЯ ВАНЯ, 1,8кг",399.99,289.99,−28%,с 07 апреля до 04 мая
"Водка ГРАФ ЛЕДОФФ, Лайт гуала, 40%, 0,5л",358.00,289.99,−19%,с 13 апреля до 19 апреля
"Томаты маринованные ДЯДЯ ВАНЯ, 1,8кг",399.99,289.99,−28%,с 07 апреля до 04 мая
"Водка особая GRAF LEDOFF Lemon 40% 0,5л(Татспиртпром):20",358.00,289.99,−19%,с 13 апреля до 19 апреля
"Водка ТАЛКА Сибирский Кедр особая 40%, 0,5л",369.10,299.00,−19%,с 13 апреля до 19 апреля
"Вино ИНКЕРМАН, Каберне, красное сухое, 0,7л",370.00,299.99,−19%,с 07 апреля до 04 мая
"Шоколадное яйцо КИНДЕР, Макси, 100г",414.99,299.99,−28%,с 07 апреля до 04 мая
"Шоколадное яйцо КИНДЕР, Макси, 100г",407.99,299.99,−26%,с 07 апреля до 04 мая
"Вино ВЕДЕРНИКОВЪ Донское Голубок красное полусухое, 0,75л",440.00,299.99,−32%,с 07 апреля до 04 мая
"Паста ореховая МИЛКА с какао и фундуком, 350г",395.99,299.99,−24%,с 07 апреля до 04 мая
"Паста ореховая МИЛКА с какао и фундуком, 350г",389.99,299.99,−23%,с 07 апреля до 04 мая
"Настойка горькая СИББИТТЕР, Кедровая, выдержанная, 38%, 0,5л",399.99,299.99,−25%,с 07 апреля до 04 мая
"Вино ИНКЕРМАН Алиготе белое сухое, 0,7л",370.00,299.99,−19%,с 07 апреля до 04 мая
"Вино НР, Касное полусладкое (Фанагория), 0,75л",369.00,299.99,−19%,с 07 апреля до 04 мая
"Водка особая Талка Сибирский Кедр 40% 0,5л(Сибирский ЛВЗ):12",370.40,299.99,−19%,с 13 апреля до 19 апреля
"Кофе NESCAFE, Gold Crema, Нескафе Голд Крема, растворимый, 95г",434.80,299.99,−31%,с 13 апреля до 19 апреля
"Кофе НЕСКАФЕ Голд, сублимированный с молотым, 95г",434.80,299.99,−31%,с 13 апреля до 19 апреля
"Гель для стирки PERSIL®, Колор, 1,46л",697.70,299.99,−57%,с 13 апреля до 19 апреля
"Кофе NESCAFE® Голд Арома сублимированный растворимый, 85г",405.40,299.99,−26%,с 13 апреля до 19 апреля
"Масло сладкосливочное 7 УТРА крестьянское 72,5%, 380г",469.99,299.99,−36%,с 07 апреля до 04 мая
"Масло сладкосливочное 7 УТРА крестьянское 72,5%, 380г",469.99,299.99,−36%,с 07 апреля до 04 мая
"Средство чистящее BREF® Тотал анти-налёт Лимонная свежесть, 500мл",361.40,299.99,−17%,с 13 апреля до 19 апреля
"Шампунь для волос и тела OLLIN PROFESSIONAL, 1л",499.99,299.99,−40%,с 07 апреля до 04 мая
"Гель для стирки PERSIL®, Колор, 1,46л",697.70,299.99,−57%,с 13 апреля до 19 апреля
"Вино ВЕДЕРНИКОВЪ Донское Сибирьковый белое полусухое, 0,75л",440.00,299.99,−32%,с 07 апреля до 04 мая
"Кондиционер для волос OLLIN PROFESSIONAL, 1л",499.99,299.99,−40%,с 07 апреля до 04 мая
"Водка ТУНДРА Нордик нэйче 40%, 0,5л",445.00,309.99,−30%,с 07 апреля до 04 мая
"Водка ПАРКА 40%, 0,5л",399.99,319.99,−20%,с 07 апреля до 04 мая
"Ополаскиватель для полости рта LISTERINE® Свежая мята, 1л",449.99,319.99,−29%,с 07 апреля до 04 мая
"Вино СОЛИЕРА Айрен белое сухое (Испания), 0,75л",400.00,319.99,−20%,с 13 апреля до 19 апреля
"Водка МЕДНАЯ ЛОШАДКА 40%, 0,5л",399.99,319.99,−20%,с 07 апреля до 04 мая
"Ополаскиватель для полости рта LISTERINE® Свежая мята, 1л",449.99,319.99,−29%,с 07 апреля до 04 мая
"Семга БАЛТИЙСКИЙ БЕРЕГ слабосоленая филе кусок, 150г",419.99,329.99,−21%,с 07 апреля до 04 мая
"ИКРА КРАСНАЯ, 95г",429.99,329.99,−23%,с 07 апреля до 04 мая
"Паста ореховая МИЛКА с какао и фундуком, 350г",443.00,339.99,−23%,с 07 апреля до 04 мая
"Гель для устранения засоров ТИРЕТ ТУРБО, 500мл",422.99,339.99,−20%,с 07 апреля до 04 мая
"Гель для устранения засоров ТИРЕТ ТУРБО, 500мл",427.99,339.99,−21%,с 07 апреля до 04 мая
"Семга МАГНИТ филе кусок с/с, 200г",438.00,345.99,−21%,с 13 апреля до 19 апреля
"Вино игристое АРИСТОВ, белый брют, 0,75л",419.00,349.00,−17%,с 07 апреля до 04 мая
"Настойка горькая БЕЛАЯ БЕРЁЗКА Белый налив 38%, 0,5л",554.00,349.00,−37%,с 13 апреля до 19 апреля
"Водка БЕЛАЯ БЕРЕЗКА, 40%, 0,5л",549.99,349.99,−36%,с 07 апреля до 04 мая
"Пена/шампунь JOHNSON’S® BABY® от макушки до пяток, 500мл",499.99,349.99,−30%,с 07 апреля до 04 мая
"Вино игристое АРИСТОВ розовое брют, 0,75л",419.00,349.99,−16%,с 07 апреля до 04 мая
"Ополаскиватель для полости рта LISTERINE® Свежая мята, 1л",454.99,349.99,−23%,с 07 апреля до 04 мая
"Лак для волос SYOSS®, Объем, экстрасильная фиксация, 400мл",459.99,349.99,−24%,с 07 апреля до 04 мая
"Бадминтон 2 ракетки+волан, 60х20см",449.99,349.99,−22%,с 07 апреля до 04 мая
"Конфеты БАБАЕВСКИЙ, Цельный фундук и дробленый миндаль, 200г",569.99,359.99,−37%,с 07 апреля до 04 мая
"Вино игристое ФАНАГОРИЯ белое полусладкое, 0,75л",479.00,359.99,−25%,с 07 апреля до 04 мая
"Вино игристое ШАТО ТАМАНЬ, белое полусладкое, 0,75л",449.00,369.99,−18%,с 07 апреля до 04 мая
"Вино КАХУРИ Цинандали белое сухое (Грузия), 0,75л",468.30,369.99,−21%,с 13 апреля до 19 апреля
"Вино игристое АБРАУ-ДЮРСО белое брют, 0,75л",460.00,369.99,−20%,с 07 апреля до 04 мая
"Вино ШАТО ТАМАНЬ Мерло красное сухое, 0,75л",469.00,369.99,−21%,с 07 апреля до 04 мая
"Кофе ЛАВАЦЦА, Квалита Оро, молотый, 250г",487.50,389.99,−20%,с 13 апреля до 19 апреля
"Артишоки ФЕДЕРИЧИ закуска, 280г",599.99,399.99,−33%,с 07 апреля до 04 мая
"Кофе ЛАВАЦЦА, Квалита Оро, молотый, 250г",507.70,399.99,−21%,с 13 апреля до 19 апреля
"Кофе Д'АРТЭ, ориджинал растворимый, 100г",677.90,399.99,−41%,с 13 апреля до 19 апреля
"Коньяк российский ЛЕЗГИНКА КВ выдержанный 6-летний 40%, 0,25л",500.00,399.99,−20%,с 13 апреля до 19 апреля
"Решетка-гриль универсальная плоская, 50x34см",499.99,399.99,−20%,с 07 апреля до 04 мая
"Водка ТАЛКА, 40%, 0,7л",530.40,419.00,−21%,с 13 апреля до 19 апреля
"Кофе ЛАВАЦЦА, Кафе Эспрессо, молотый, 250г",500.00,419.99,−16%,с 13 апреля до 19 апреля
"Кофе ЛАВАЦЦА Оро в зернах, 250г",525.00,419.99,−20%,с 13 апреля до 19 апреля
"Кофе ЛАВАЦЦА Оро жареный молотый, 250г",512.20,419.99,−18%,с 13 апреля до 19 апреля
"Вино СЕНДЕРО Каберне Совиньон красное полусухое (Чили), 0,75л",550.00,429.00,−22%,с 13 апреля до 19 апреля
"Вино ЛЮСЬЕН РИГИ Бордо АОС белое сухое (Франция), 0,75л",542.00,439.00,−19%,с 13 апреля до 19 апреля
Мангал сборный 40*25 см с 6 шампурами,549.99,439.99,−20%,с 07 апреля до 04 мая
"Кофе ЛАВАЦЦА Оро в зернах, 250г",555.50,439.99,−21%,с 13 апреля до 19 апреля
"Водка ХОРТИЦЯ Ультра Премиум особая 40% 0,7л",561.30,449.00,−20%,с 13 апреля до 19 апреля
"Гель для стирки PERSIL® Премиум, 1,224л",646.38,449.99,−30%,с 07 апреля до 04 мая
"Вино СЕН МАРТЕН Резерв Совиньон Блан белое сухое (Франция), 0,75л",602.40,469.90,−22%,с 13 апреля до 19 апреля
"Вино СЕН МАРТЕН Резерв Каберне Совиньон красное сухое (Франция), 0,75л",602.40,469.90,−22%,с 13 апреля до 19 апреля
"Вино ОСИТАН МИНЕРВУА красное сухое (Франция), 0,75л",610.40,469.99,−23%,с 13 апреля до 19 апреля
"Вино ОСИТАН ЛАНГЕДОК, красное сухое (Франция), 0,75л",602.60,469.99,−22%,с 13 апреля до 19 апреля
"Решетка-гриль универсальная глубокая, 58x31см",599.99,469.99,−22%,с 07 апреля до 04 мая
"Коньяк ШУСТОФФ, российский, 5-летний, 40%, 0,5л",623.40,480.00,−23%,с 13 апреля до 19 апреля
"Коньяк ШУСТОФФ, российский, 5-летний, 40%, 0,5л",626.00,481.99,−23%,с 13 апреля до 19 апреля
"Гель для стирки PERSIL® Колор, 1,76л",859.99,499.99,−42%,с 07 апреля до 04 мая
"Водка ВОДКА А 40%, 0,5л",610.60,519.00,−15%,с 13 апреля до 19 апреля
"Коньяк ФАЗЕРС ОЛД БАРРЕЛЬ, 5 звезд, 40%, 0,5л",629.00,539.00,−14%,с 07 апреля до 04 мая
"Вино ДЕ ГРАС РЕЗЕРВА, Совиньон Блан, белое сухое (Чили), 0,75л",753.40,549.99,−27%,с 13 апреля до 19 апреля
"Водка РУССКИЙ СТАНДАРТ, 40%, 0,7л",724.00,549.99,−24%,с 07 апреля до 04 мая
"Коньяк КИНОВСКИЙ, 5-летний, 40%, 0,5л",659.00,559.99,−15%,с 07 апреля до 04 мая
"Вино ГРАН КАРДИЭЛЬ, Руэда Вердехо, белое сухое (Испания), 0,75л",700.00,559.99,−20%,с 13 апреля до 19 апреля
"Коньяк СТАРЫЙ ЕРЕВАН, 5-летний, 40% (Армения), 0,5л",636.06,569.00,−11%,с 13 апреля до 10 мая
"Коньяк СТАРЫЙ ЕРЕВАН, 5-летний, 40% (Армения), 0,5л",636.06,569.00,−11%,с 13 апреля до 10 мая
"Коньяк СТАРЫЙ ЕРЕВАН, 5-летний, 40% (Армения), 0,5л",636.06,569.99,−10%,с 13 апреля до 10 мая
"Коньяк российский ФАЗЕРС ОЛД БЕРРЕЛЬ КВ 40%, 0,5л",799.00,599.00,−25%,с 07 апреля до 04 мая
"Кофе НЕСКАФЕ Голд, сублимированный с молотым, 190г",779.20,599.99,−23%,с 13 апреля до 19 апреля
"Корм сухой PURINA ONE®, для стерилизованных кошек, лосось-пшеница, 1,5кг",749.99,644.99,−14%,с 07 апреля до 04 мая
"Корм сухой PURINA ONE®, для домашних кошек, индейка, 1,5кг",749.99,644.99,−14%,с 07 апреля до 04 мая
"Виски СКОТТИШ РОЯЛ, Шотландский купажированный, 40% (Шотландия), 0,7л",726.04,649.00,−11%,с 13 апреля до 26 апреля
"Виски СКОТТИШ РОЯЛ, Шотландский купажированный, 40% (Шотландия), 0,7л",726.04,649.99,−10%,с 13 апреля до 26 апреля
"Коньяк ПЯТЬ ЗВЕЗДОЧЕК, российский, 5-летний, 40%, 0,5л",797.60,669.99,−16%,с 13 апреля до 19 апреля
"Вино игристое АБРАУ-ДЮРСО Премиум выдержанное белое полусухое, 0,75л",919.70,699.00,−24%,с 13 апреля до 19 апреля
"Коньяк СТАРЕЙШИНА, 40% пятилетний 0,5л",799.00,699.00,−13%,с 07 апреля до 04 мая
"Таблетки для посудомоечных машин ФИНИШ, Все-в-Одном, 50 шт.",1405.63,699.99,−50%,с 07 апреля до 04 мая
"Вино игристое ПРЕМИУМ Абрау-Дюрсо выдержанное белое брют, 0,75л",900.00,699.99,−22%,с 07 апреля до 04 мая
"Средство для посудомоечных машин SOMAT® все в 1, 48таблеток",1512.09,699.99,−54%,с 07 апреля до 04 мая
"Коньяк СТАРЕЙШИНА, КВ, 40%, 0,5л",930.03,799.00,−14%,с 07 апреля до 04 мая
"Ром БАКАРДИ, Карта Негра, 40% (Мексика), 0,5л",945.59,799.99,−15%,с 07 апреля до 04 мая
"Таблетки для посудомоечных машин ФИНИШ, Все-в-Одном, 50 шт.",1314.99,819.99,−38%,с 07 апреля до 04 мая
"Таблетки для посудомоечных машин ФИНИШ, Все-в-Одном, 50 шт.",1329.99,819.99,−38%,с 07 апреля до 04 мая
"Ром БАКАРДИ, Карта Бланка, 40% (Мексика), 0,5л",1059.00,879.99,−17%,с 07 апреля до 04 мая
"Виски СКОТТИШ РОЯЛ шотландский купаж 40% (Шотландия), 1л",1066.19,899.00,−16%,с 13 апреля до 26 апреля
"Водка БЕЛУГА, Нобл, 40%, 0,5л",1229.99,899.99,−27%,с 07 апреля до 04 мая
"Напиток спиртной ВИЛЬЯМ ЛОУСОНС Супер спайсед купажированный 35%, 0,7л",1116.49,949.99,−15%,с 07 апреля до 04 мая
"Виски ВИЛЬЯМ ЛОУСОН’С, 3-летний, 40%, 0,7л",1118.05,949.99,−15%,с 07 апреля до 04 мая
"УГОРЬ жареный филе в соусе, 500г",1499.99,999.99,−33%,с 07 апреля до 04 мая
"УГОРЬ жареный филе в соусе, 500г",1499.99,999.99,−33%,с 07 апреля до 04 мая
"Таблетки для посудомоечных машин ФИНИШ, Все в 1, 100 шт.",2531.55,1099.99,−57%,с 10 марта до 04 мая
"Таблетки для посудомоечных машин ФИНИШ, Все в 1, 100 шт.",2531.55,1099.99,−57%,с 10 марта до 04 мая
"Коньяк ГРАН БРОЙ, VS, 40% (Франция), 0,5л",1398.56,1199.00,−14%,с 13 апреля до 10 мая
"Коньяк ГРАН БРОЙ, VS, 40% (Франция), 0,5л",1398.56,1199.00,−14%,с 13 апреля до 10 мая
"Коньяк ГРАН БРОЙ, VS, 40% (Франция), 0,5л",1398.56,1199.99,−14%,с 13 апреля до 10 мая
"Напиток спиртной БАКАРДИ Спайсед на основе рома 40% (Италия), 1л",1718.35,1499.00,−13%,с 07 апреля до 04 мая
"Напиток спиртной БАКАРДИ Спайсед на основе рома 40% (Италия), 1л",1954.4,1499.00,−23%,с 07 апреля до 04 мая
"Ром БАКАРДИ Карта Нэгра выдержанный 40% (Германия), 1л",2005.16,1499.00,−25%,с 07 апреля до 04 мая
"Ром БАКАРДИ Карта Нэгра выдержанный 40% (Германия), 1л",1720.12,1499.00,−13%,с 07 апреля до 04 мая
"Текила ЭСПОЛОН, Бланко, 40% (Мексика), 0,75л",2010.30,1749.00,−13%,с 13 апреля до 19 апреля
